ID,Order,SKUs,Member
0,7341985,15668457,SWCCWNZ
1,7341985,15669861,SWCCWNZ
2,7341985,15669777,SWCCWNZ
3,7341985,15669857,SWCCWNZ
4,7341985,34987566,SWCCWNZ
5,7344710,15669777,SWRHERW
6,7344710,7580802,SWRHERW
7,7344710,15668460,SWRHERW
8,7344710,15668378,SWRHERW
9,7344710,15668688,SWRHERW
10,7345164,15668416,SWCENNH
11,7345164,15668453,SWCENNH
12,7345164,15668688,SWCENNH
13,7345164,15668462,SWCENNH
14,7345164,15668383,SWCENNH
15,7347668,15669776,SSZZLEO
16,7347668,15669880,SSZZLEO
17,7347668,15669761,SSZZLEO
18,7347668,34987566,SSZZLEO
19,7347668,15669781,SSZZLEO
20,7348817,15669781,SSSELNE
21,7348817,15669870,SSSELNE
22,7348817,15669777,SSSELNE
23,7348817,15669767,SSSELNE
24,7348817,15669818,SSSELNE
25,7353545,15668463,SWHZENC
26,7353545,15668688,SWHZENC
27,7353545,15669866,SWHZENC
28,7353545,15669772,SWHZENC
29,7353545,21409004,SWHZENC
30,7362980,7572302,SWEOLLO
31,7362980,15668381,SWEOLLO
32,7362980,15668462,SWEOLLO
33,7362980,15668451,SWEOLLO
34,7362980,15668465,SWEOLLO
35,7366964,15668465,SWELEWW
36,7366964,15668471,SWELEWW
37,7366964,15668478,SWELEWW
38,7366964,15668457,SWELEWW
39,7366964,15668474,SWELEWW
40,7368676,7653522,SWHCZWL
41,7368676,15669760,SWHCZWL
42,7368676,15669776,SWHCZWL
43,7368676,15669764,SWHCZWL
44,7368676,21408952,SWHCZWL
45,7369866,15669769,SSWSLLZ
46,7369866,15669762,SSWSLLZ
47,7369866,15669988,SSWSLLZ
48,7369866,15669869,SSWSLLZ
49,7369866,15669763,SSWSLLZ
50,7369894,15670251,SWLRWZO
51,7369894,15670252,SWLRWZO
52,7369894,15670192,SWLRWZO
53,7369894,15670250,SWLRWZO
54,7369894,15670245,SWLRWZO
55,7370585,92887544,SWHRNRE
56,7370585,15669859,SWHRNRE
57,7370585,34987566,SWHRNRE
58,7370585,15669857,SWHRNRE
59,7370585,15669864,SWHRNRE
60,7377566,15669762,SWRHCCH
61,7377566,15670269,SWRHCCH
62,7377566,15669885,SWRHCCH
63,7377566,34986112,SWRHCCH
64,7377566,15669866,SWRHCCH
65,7381183,15669789,SWOZCRC
66,7381183,7573376,SWOZCRC
67,7381183,15668460,SWOZCRC
68,7381183,15668688,SWOZCRC
69,7381183,15668465,SWOZCRC
70,7382432,15668460,SWRHSEW
71,7382432,15668467,SWRHSEW
72,7382432,15668459,SWRHSEW
73,7382432,15668378,SWRHSEW
74,7382432,15668379,SWRHSEW
75,7382539,15670269,SWOZSEO
76,7382539,15669859,SWOZSEO
77,7382539,7625761,SWOZSEO
78,7382539,15669762,SWOZSEO
79,7382539,34986328,SWOZSEO
80,7384012,15669776,SWHRSRR
81,7384012,34987566,SWHRSRR
82,7384012,15669857,SWHRSRR
83,7384012,34986129,SWHRSRR
84,7384012,15669870,SWHRSRR
85,7387521,15669857,SSSRREW
86,7387521,15669777,SSSRREW
87,7387521,15669761,SSSRREW
88,7387521,15669884,SSSRREW
89,7387521,15669814,SSSRREW
90,7387995,7689353,SSRSNWR
91,7387995,15668379,SSRSNWR
92,7387995,15668460,SSRSNWR
93,7387995,15669832,SSRSNWR
94,7387995,15668469,SSRSNWR
95,7389900,15668458,SSZEESN
96,7389900,15668381,SSZEESN
97,7389900,15668467,SSZEESN
98,7389900,15668462,SSZEESN
99,7389900,15668463,SSZEESN
100,7397516,15669780,SWLEOEC
101,7397516,15669860,SWLEOEC
102,7397516,15669776,SWLEOEC
103,7397516,15669775,SWLEOEC
104,7397516,15669818,SWLEOEC
105,7397712,15669866,SSSZHZE
106,7397712,15669772,SSSZHZE
107,7397712,15669832,SSSZHZE
108,7397712,15669817,SSSZHZE
109,7397712,15669869,SSSZHZE
110,7399616,15670260,SSLWESH
111,7399616,15670250,SSLWESH
112,7399616,15670241,SSLWESH
113,7399616,15670196,SSLWESH
114,7399616,15670163,SSLWESH
115,7402891,15668595,SWOLLEN
116,7402891,15668449,SWOLLEN
117,7402891,15668460,SWOLLEN
118,7402891,15668378,SWOLLEN
119,7402891,15668459,SWOLLEN
120,7403298,7632452,SWLSLCC
121,7403298,15668520,SWLSLCC
122,7403298,15669988,SWLSLCC
123,7403298,15669866,SWLSLCC
124,7403298,34987224,SWLSLCC
125,7403661,15669789,SWLNRSC
126,7403661,15670157,SWLNRSC
127,7403661,15669773,SWLNRSC
128,7403661,15669882,SWLNRSC
129,7403661,15669998,SWLNRSC
130,7406145,15669814,SWLSWLN
131,7406145,15668465,SWLSWLN
132,7406145,15669821,SWLSWLN
133,7406145,15669870,SWLSWLN
134,7406145,15669777,SWLSWLN
135,7406752,15668465,SSSHZHS
136,7406752,15669863,SSSHZHS
137,7406752,15668478,SSSHZHS
138,7406752,15668381,SSSHZHS
139,7406752,15668474,SSSHZHS
140,7409204,15668465,SWLCNOE
141,7409204,15668459,SWLCNOE
142,7409204,15668468,SWLCNOE
143,7409204,15669860,SWLCNOE
144,7409204,15669769,SWLCNOE
145,7410387,15668478,SWOWNNR
146,7410387,15668449,SWOWNNR
147,7410387,15668459,SWOWNNR
148,7410387,15668460,SWOWNNR
149,7410387,15668468,SWOWNNR
150,7412276,15669776,SWCOSLL
151,7412276,15669817,SWCOSLL
152,7412276,15669832,SWCOSLL
153,7412276,15669761,SWCOSLL
154,7412276,15669781,SWCOSLL
155,7414189,93176430,SSSWOZW
156,7414189,15668465,SSSWOZW
157,7414189,15668379,SSSWOZW
158,7414189,15668460,SSSWOZW
159,7414189,15668467,SSSWOZW
160,7416338,15669804,SWEOHHL
161,7416338,15669860,SWEOHHL
162,7416338,15669764,SWEOHHL
163,7416338,15668467,SWEOHHL
164,7416338,15668465,SWEOHHL
165,7417942,34986132,SSWZEOR
166,7417942,15669771,SSWZEOR
167,7417942,7572306,SSWZEOR
168,7417942,15669860,SSWZEOR
169,7417942,15669778,SSWZEOR
170,7421133,7580089,SWEHORE
171,7421133,7572311,SWEHORE
172,7421133,7586509,SWEHORE
173,7421133,15670157,SWEHORE
174,7421133,15670241,SWEHORE
175,7431323,15668462,SWOECRH
176,7431323,15670157,SWOECRH
177,7431323,15668473,SWOECRH
178,7431323,15670241,SWOECRH
179,7431323,15670251,SWOECRH
180,7431803,93141092,SSSNORC
181,7431803,15668688,SSSNORC
182,7431803,34987629,SSSNORC
183,7431803,15668381,SSSNORC
184,7431803,15668467,SSSNORC
185,7435518,15669870,SSLSZZE
186,7435518,15669761,SSLSZZE
187,7435518,15669781,SSLSZZE
188,7435518,15669857,SSLSZZE
189,7435518,15669814,SSLSZZE
190,7436171,15668378,SSSSZSE
191,7436171,15668416,SSSSZSE
192,7436171,15669873,SSSSZSE
193,7436171,34987566,SSSSZSE
194,7436171,93176429,SSSSZSE
195,7439628,7587670,SSZZLHW
196,7439628,15670251,SSZZLHW
197,7439628,15670245,SSZZLHW
198,7439628,15670260,SSZZLHW
199,7439628,7587669,SSZZLHW
200,7440894,15669776,SSWZHRR
201,7440894,7569806,SSWZHRR
202,7440894,7572307,SSWZHRR
203,7440894,92387970,SSWZHRR
204,7440894,7586509,SSWZHRR
205,7441794,15668467,SSSZOON
206,7441794,15668378,SSSZOON
207,7441794,15668463,SSSZOON
208,7441794,15668465,SSSZOON
209,7441794,15668379,SSSZOON
210,7443402,15668460,SWOSSZE
211,7443402,15668451,SWOSSZE
212,7443402,15668465,SWOSSZE
213,7443402,15668381,SWOSSZE
214,7443402,15668459,SWOSSZE
215,7448378,15668468,SWORWHW
216,7448378,15669777,SWORWHW
217,7448378,15668467,SWORWHW
218,7448378,15668460,SWORWHW
219,7448378,15669863,SWORWHW
220,7448398,15669777,SWRNCSS
221,7448398,15670267,SWRNCSS
222,7448398,21408953,SWRNCSS
223,7448398,15669776,SWRNCSS
224,7448398,21409004,SWRNCSS
225,7450162,15670207,SWOZZCZ
226,7450162,15668449,SWOZZCZ
227,7450162,15668463,SWOZZCZ
228,7450162,15668473,SWOZZCZ
229,7450162,15668466,SWOZZCZ
230,7452011,7586308,SWHSESE
231,7452011,7586305,SWHSESE
232,7452011,7587694,SWHSESE
233,7452011,7572300,SWHSESE
234,7452011,7586556,SWHSESE
235,7454503,15668451,SWOWCRW
236,7454503,15668465,SWOWCRW
237,7454503,15668460,SWOWCRW
238,7454503,15668381,SWOWCRW
239,7454503,15668455,SWOWCRW
240,7457237,15668381,SWOLONZ
241,7457237,15668471,SWOLONZ
242,7457237,15668465,SWOLONZ
243,7457237,15668460,SWOLONZ
244,7457237,15668467,SWOLONZ
245,7459927,15669869,SWOLOWW
246,7459927,15669878,SWOLOWW
247,7459927,15669772,SWOLOWW
248,7459927,15668381,SWOLOWW
249,7459927,15669863,SWOLOWW
250,7460826,15669772,SSWLWNZ
251,7460826,15669869,SSWLWNZ
252,7460826,15669776,SSWLWNZ
253,7460826,15669878,SSWLWNZ
254,7460826,15669997,SSWLWNZ
255,7462903,7572312,SSSESRC
256,7462903,15668468,SSSESRC
257,7462903,15668465,SSSESRC
258,7462903,15668460,SSSESRC
259,7462903,15668478,SSSESRC
260,7469858,7593949,SSLRSWO
261,7469858,93141092,SSLRSWO
262,7469858,7587648,SSLRSWO
263,7469858,7587658,SSLRSWO
264,7469858,15668465,SSLRSWO
265,7470681,15668466,SWLSZSE
266,7470681,15668469,SWLSZSE
267,7470681,34986125,SWLSZSE
268,7470681,34986133,SWLSZSE
269,7470681,15669777,SWLSZSE
270,7473154,15668379,SWCRZCH
271,7473154,15669864,SWCRZCH
272,7473154,15668463,SWCRZCH
273,7473154,15668378,SWCRZCH
274,7473154,15668469,SWCRZCH
275,7476405,15669860,SWCRLZN
276,7476405,15669859,SWCRLZN
277,7476405,15669769,SWCRLZN
278,7476405,92387970,SWCRLZN
279,7476405,15669763,SWCRLZN
280,7476772,15669860,SWCZZNN
281,7476772,15669769,SWCZZNN
282,7476772,15669778,SWCZZNN
283,7476772,15669885,SWCZZNN
284,7476772,15669762,SWCZZNN
285,7480050,15669997,SWLSLOE
286,7480050,15669873,SWLSLOE
287,7480050,15668465,SWLSLOE
288,7480050,15669823,SWLSLOE
289,7480050,15669821,SWLSLOE
290,7480357,15668471,SWLNWOC
291,7480357,7621702,SWLNWOC
292,7480357,7587494,SWLNWOC
293,7480357,7587665,SWLNWOC
294,7480357,7587491,SWLNWOC
295,7481117,93141022,SSZLHES
296,7481117,34987629,SSZLHES
297,7481117,34987615,SSZLHES
298,7481117,34986401,SSZLHES
299,7481117,15670251,SSZLHES
300,7481636,7580034,SWCRRLL
301,7481636,7561680,SWCRRLL
302,7481636,7586509,SWCRRLL
303,7481636,34986125,SWCRRLL
304,7481636,34986112,SWCRRLL
305,7482551,15669815,SWHWNWL
306,7482551,15669887,SWHWNWL
307,7482551,15669760,SWHWNWL
308,7482551,34986125,SWHWNWL
309,7482551,34987566,SWHWNWL
310,7485532,7590864,SWRNESE
311,7485532,15668520,SWRNESE
312,7485532,15668460,SWRNESE
313,7485532,15668462,SWRNESE
314,7485532,7572302,SWRNESE
315,7486173,15668467,SSZLZRN
316,7486173,15669870,SSZLZRN
317,7486173,7620525,SSZLZRN
318,7486173,15670271,SSZLZRN
319,7486173,15668469,SSZLZRN
320,7486730,15669957,SSSHLHL
321,7486730,15669775,SSSHLHL
322,7486730,15668455,SSSHLHL
323,7486730,15669974,SSSHLHL
324,7486730,15668467,SSSHLHL
325,7487417,15669814,SWNWHRL
326,7487417,15669857,SWNWHRL
327,7487417,15669777,SWNWHRL
328,7487417,15669873,SWNWHRL
329,7487417,15669870,SWNWHRL
330,7489019,15668379,SWESSEO
331,7489019,15668465,SWESSEO
332,7489019,15668378,SWESSEO
333,7489019,15668473,SWESSEO
334,7489019,15668455,SWESSEO
335,7493590,7586509,SWRELHW
336,7493590,15669859,SWRELHW
337,7493590,15669864,SWRELHW
338,7493590,15669764,SWRELHW
339,7493590,15669763,SWRELHW
340,7496586,15669870,SWOEWRH
341,7496586,15668381,SWOEWRH
342,7496586,93141022,SWOEWRH
343,7496586,34987629,SWOEWRH
344,7496586,7585573,SWOEWRH
345,7497186,15670252,SWORWZH
346,7497186,15668379,SWORWZH
347,7497186,15669814,SWORWZH
348,7497186,15669781,SWORWZH
349,7497186,15669870,SWORWZH
350,7497374,15669762,SSWWZLW
351,7497374,15669885,SSWWZLW
352,7497374,15669988,SSWWZLW
353,7497374,15669772,SSWWZLW
354,7497374,21409004,SSWWZLW
355,7498596,7586509,SWERCNR
356,7498596,7735760,SWERCNR
357,7498596,7736902,SWERCNR
358,7498596,7569806,SWERCNR
359,7498596,7569803,SWERCNR
360,7501860,15668688,SWNNZHH
361,7501860,92383200,SWNNZHH
362,7501860,15670192,SWNNZHH
363,7501860,15668462,SWNNZHH
364,7501860,15668455,SWNNZHH
365,7503858,15668460,SWLRZNL
366,7503858,7572313,SWLRZNL
367,7503858,15668494,SWLRZNL
368,7503858,15668378,SWLRZNL
369,7503858,15668688,SWLRZNL
370,7504989,15669860,SWLECZN
371,7504989,15668459,SWLECZN
372,7504989,15669771,SWLECZN
373,7504989,15669776,SWLECZN
374,7504989,15669818,SWLECZN
375,7515099,15668381,SWHLSNW
376,7515099,15668463,SWHLSNW
377,7515099,15668594,SWHLSNW
378,7515099,15668378,SWHLSNW
379,7515099,15668462,SWHLSNW
380,7516989,7572251,SWRHHWL
381,7516989,15668468,SWRHHWL
382,7516989,7718198,SWRHHWL
383,7516989,15668688,SWRHHWL
384,7516989,7594821,SWRHHWL
385,7517068,15668467,SSWWENC
386,7517068,15668465,SSWWENC
387,7517068,15668379,SSWWENC
388,7517068,15668451,SSWWENC
389,7517068,15668473,SSWWENC
390,7517755,15670251,SSZEWNZ
391,7517755,15670260,SSZEWNZ
392,7517755,15670250,SSZEWNZ
393,7517755,15670241,SSZEWNZ
394,7517755,15670162,SSZEWNZ
395,7518687,15668452,SWNEESC
396,7518687,15668457,SWNEESC
397,7518687,15669777,SWNEESC
398,7518687,15668460,SWNEESC
399,7518687,15669866,SWNEESC
400,7525683,15670160,SWOCNOH
401,7525683,7587651,SWOCNOH
402,7525683,15670192,SWOCNOH
403,7525683,15670163,SWOCNOH
404,7525683,15670196,SWOCNOH
405,7526450,15670157,SWNLZNW
406,7526450,15670241,SWNLZNW
407,7526450,15670245,SWNLZNW
408,7526450,15670260,SWNLZNW
409,7526450,15670163,SWNLZNW
410,7527581,15668467,SWCCOLE
411,7527581,15668451,SWCCOLE
412,7527581,15668378,SWCCOLE
413,7527581,15668685,SWCCOLE
414,7527581,15668684,SWCCOLE
415,7531263,15668458,SWEEZCC
416,7531263,15668379,SWEEZCC
417,7531263,15668467,SWEEZCC
418,7531263,15668378,SWEEZCC
419,7531263,15668688,SWEEZCC
420,7533198,15668381,SSSZWHO
421,7533198,15668463,SSSZWHO
422,7533198,15668462,SSSZWHO
423,7533198,15668378,SSSZWHO
424,7533198,15668688,SSSZWHO
425,7544462,15669760,SWCRRCE
426,7544462,15669781,SWCRRCE
427,7544462,34986125,SWCRRCE
428,7544462,15669821,SWCRRCE
429,7544462,15669887,SWCRRCE
430,7551396,15669869,SWNNNER
431,7551396,15669870,SWNNNER
432,7551396,15669776,SWNNNER
433,7551396,15669772,SWNNNER
434,7551396,15669767,SWNNNER
435,7551502,15670251,SWLNLLZ
436,7551502,15670162,SWLNLLZ
437,7551502,15670260,SWLNLLZ
438,7551502,15670196,SWLNLLZ
439,7551502,15670192,SWLNLLZ
440,7552098,15668378,SWLRCRW
441,7552098,15668467,SWLRCRW
442,7552098,15668460,SWLRCRW
443,7552098,15668688,SWLRCRW
444,7552098,15668471,SWLRCRW
445,7552991,15670251,SWOLZSC
446,7552991,15670260,SWOLZSC
447,7552991,15670162,SWOLZSC
448,7552991,15668688,SWOLZSC
449,7552991,15670252,SWOLZSC
450,7558409,15668381,SWLRNLH
451,7558409,15668457,SWLRNLH
452,7558409,15668463,SWLRNLH
453,7558409,15668688,SWLRNLH
454,7558409,92887544,SWLRNLH
455,7559166,15668378,SWOOOLL
456,7559166,15668381,SWOOOLL
457,7559166,15668460,SWOOOLL
458,7559166,15668467,SWOOOLL
459,7559166,15668455,SWOOOLL
460,7559542,15668467,SWHEWCO
461,7559542,15668463,SWHEWCO
462,7559542,15668465,SWHEWCO
463,7559542,15668462,SWHEWCO
464,7559542,15668379,SWHEWCO
465,7560723,7586509,SSWWRHW
466,7560723,34990046,SSWWRHW
467,7560723,7594523,SSWWRHW
468,7560723,7736902,SSWWRHW
469,7560723,7569806,SSWWRHW
470,7565166,15668381,SWLWHWC
471,7565166,15668466,SWLWHWC
472,7565166,15668688,SWLWHWC
473,7565166,15668378,SWLWHWC
474,7565166,15668467,SWLWHWC
475,7580491,15668378,SWOLOOS
476,7580491,15669863,SWOLOOS
477,7580491,7586509,SWOLOOS
478,7580491,15668465,SWOLOOS
479,7580491,15668468,SWOLOOS
480,7581908,15668474,SWCCRWW
481,7581908,15668594,SWCCRWW
482,7581908,15669769,SWCCRWW
483,7581908,15669866,SWCCRWW
484,7581908,15668460,SWCCRWW
485,7582160,15669772,SWLSEEZ
486,7582160,15669762,SWLSEEZ
487,7582160,15670251,SWLSEEZ
488,7582160,15670260,SWLSEEZ
489,7582160,15670245,SWLSEEZ
490,7583327,15668381,SWOCOEN
491,7583327,15668467,SWOCOEN
492,7583327,15668468,SWOCOEN
493,7583327,15668451,SWOCOEN
494,7583327,15668378,SWOCOEN
495,7584632,15669799,SWLNECZ
496,7584632,15669777,SWLNECZ
497,7584632,15669860,SWLNECZ
498,7584632,21409004,SWLNECZ
499,7584632,15669762,SWLNECZ
500,7585530,7570762,SWOSCLE
501,7585530,15668453,SWOSCLE
502,7585530,15668460,SWOSCLE
503,7585530,15668467,SWOSCLE
504,7585530,15668465,SWOSCLE
505,7587534,15668474,SWNERHS
506,7587534,15670254,SWNERHS
507,7587534,15670251,SWNERHS
508,7587534,15670161,SWNERHS
509,7587534,15670260,SWNERHS
510,7587814,15670260,SWCSEHL
511,7587814,15670250,SWCSEHL
512,7587814,15670245,SWCSEHL
513,7587814,15669775,SWCSEHL
514,7587814,15670252,SWCSEHL
515,7592127,93141092,SWEENCL
516,7592127,92388173,SWEENCL
517,7592127,7572300,SWEENCL
518,7592127,7736902,SWEENCL
519,7592127,34987220,SWEENCL
520,7599737,15670251,SWCOLWE
521,7599737,15668468,SWCOLWE
522,7599737,15668478,SWCOLWE
523,7599737,15668465,SWCOLWE
524,7599737,15670260,SWCOLWE
525,7602429,15668494,SWELNZO
526,7602429,15668465,SWELNZO
527,7602429,7578353,SWELNZO
528,7602429,15670008,SWELNZO
529,7602429,15669821,SWELNZO
530,7602550,15670251,SWOSEOE
531,7602550,15670250,SWOSEOE
532,7602550,7587677,SWOSEOE
533,7602550,15670192,SWOSEOE
534,7602550,15670252,SWOSEOE
535,7603462,15669772,SWLERHS
536,7603462,15668471,SWLERHS
537,7603462,15669769,SWLERHS
538,7603462,15669778,SWLERHS
539,7603462,15668462,SWLERHS
540,7604413,15669869,SWNOLEE
541,7604413,15668465,SWNOLEE
542,7604413,15668468,SWNOLEE
543,7604413,15669776,SWNOLEE
544,7604413,15669860,SWNOLEE
545,7605272,7569801,SWOZLCN
546,7605272,7572312,SWOZLCN
547,7605272,7601953,SWOZLCN
548,7605272,92388173,SWOZLCN
549,7605272,7572300,SWOZLCN
550,7607068,15669814,SWOSCER
551,7607068,15669818,SWOSCER
552,7607068,15669777,SWOSCER
553,7607068,15670271,SWOSCER
554,7607068,15669832,SWOSCER
555,7608368,15669777,SWRCSSC
556,7608368,15669817,SWRCSSC
557,7608368,15669776,SWRCSSC
558,7608368,15669870,SWRCSSC
559,7608368,15669857,SWRCSSC
560,7611197,7587670,SWOLLLE
561,7611197,7587669,SWOLLLE
562,7611197,7587675,SWOLLLE
563,7611197,7587657,SWOLLLE
564,7611197,7587702,SWOLLLE
565,7617765,15669760,SWRCWSC
566,7617765,34986125,SWRCWSC
567,7617765,15669857,SWRCWSC
568,7617765,15669776,SWRCWSC
569,7617765,34987566,SWRCWSC
570,7618134,15670157,SWLWNWH
571,7618134,15670192,SWLWNWH
572,7618134,15670250,SWLWNWH
573,7618134,15670252,SWLWNWH
574,7618134,15670196,SWLWNWH
575,7618192,15668473,SWLLREW
576,7618192,15668476,SWLLREW
577,7618192,15670162,SWLLREW
578,7618192,15668449,SWLLREW
579,7618192,15670245,SWLLREW
580,7618684,7587674,SWOCCHL
581,7618684,7543241,SWOCCHL
582,7618684,7587667,SWOCCHL
583,7618684,7587648,SWOCCHL
584,7618684,7587669,SWOCCHL
585,7626754,15670157,SWNZLOO
586,7626754,15670251,SWNZLOO
587,7626754,15670241,SWNZLOO
588,7626754,15670162,SWNZLOO
589,7626754,15670163,SWNZLOO
590,7631002,34986112,SWHRWCO
591,7631002,15668467,SWHRWCO
592,7631002,15668458,SWHRWCO
593,7631002,15668465,SWHRWCO
594,7631002,15668379,SWHRWCO
595,7633637,15668467,SWERHHR
596,7633637,15669772,SWERHHR
597,7633637,15668455,SWERHHR
598,7633637,7735760,SWERHHR
599,7633637,15668379,SWERHHR
600,7635812,15668416,SWCWSZR
601,7635812,15669803,SWCWSZR
602,7635812,15670250,SWCWSZR
603,7635812,15670157,SWCWSZR
604,7635812,15670260,SWCWSZR
605,7637074,15668465,SWOECCE
606,7637074,15668460,SWOECCE
607,7637074,15668381,SWOECCE
608,7637074,15668451,SWOECCE
609,7637074,15668470,SWOECCE
610,7637305,15669878,SWLONHO
611,7637305,15669869,SWLONHO
612,7637305,15669863,SWLONHO
613,7637305,92387970,SWLONHO
614,7637305,15669860,SWLONHO
615,7642371,15668457,SWOOLNC
616,7642371,15668471,SWOOLNC
617,7642371,15670251,SWOOLNC
618,7642371,15670157,SWOOLNC
619,7642371,15668473,SWOOLNC
620,7653432,15668687,SWNWCOL
621,7653432,15668378,SWNWCOL
622,7653432,15668465,SWNWCOL
623,7653432,15668381,SWNWCOL
624,7653432,15668460,SWNWCOL
625,7654205,15669777,SWRHNWW
626,7654205,15669835,SWRHNWW
627,7654205,15669760,SWRHNWW
628,7654205,15669776,SWRHNWW
629,7654205,15669814,SWRHNWW
630,7656814,15668468,SWNSONN
631,7656814,15668688,SWNSONN
632,7656814,15668381,SWNSONN
633,7656814,15668467,SWNSONN
634,7656814,15668462,SWNSONN
635,7660824,7578354,SWORLSW
636,7660824,15668460,SWORLSW
637,7660824,7633009,SWORLSW
638,7660824,93176429,SWORLSW
639,7660824,15668459,SWORLSW
640,7663653,15669832,SWNEOSH
641,7663653,15670269,SWNEOSH
642,7663653,15670271,SWNEOSH
643,7663653,15669777,SWNEOSH
644,7663653,15669869,SWNEOSH
645,7671910,15669814,SWLLZEH
646,7671910,15669870,SWLLZEH
647,7671910,15668465,SWLLZEH
648,7671910,7718555,SWLLZEH
649,7671910,15669776,SWLLZEH
650,7672439,15670251,SWLLNRL
651,7672439,7572312,SWLLNRL
652,7672439,7572303,SWLLNRL
653,7672439,15670157,SWLLNRL
654,7672439,15670250,SWLLNRL
655,7675127,15670260,SWCLOCL
656,7675127,15670250,SWCLOCL
657,7675127,15670163,SWCLOCL
658,7675127,15670160,SWCLOCL
659,7675127,15670241,SWCLOCL
660,7682148,15670251,SWEEWEL
661,7682148,15670252,SWEEWEL
662,7682148,15670192,SWEEWEL
663,7682148,15670250,SWEEWEL
664,7682148,15668689,SWEEWEL
665,7682167,15668542,SWOSHSO
666,7682167,15669789,SWOSHSO
667,7682167,15668381,SWOSHSO
668,7682167,15668459,SWOSHSO
669,7682167,15668460,SWOSHSO
670,7686461,7624786,SWLOHSN
671,7686461,15669878,SWLOHSN
672,7686461,15669776,SWLOHSN
673,7686461,15669781,SWLOHSN
674,7686461,15669767,SWLOHSN
675,7686733,15668458,SWOOLHC
676,7686733,15668379,SWOOLHC
677,7686733,15669998,SWOOLHC
678,7686733,15668459,SWOOLHC
679,7686733,15669860,SWOOLHC
680,7690884,15668459,SWOSSRS
681,7690884,15670169,SWOSSRS
682,7690884,15668460,SWOSSRS
683,7690884,15668379,SWOSSRS
684,7690884,7586556,SWOSSRS
685,7694372,7586509,SWLHHWS
686,7694372,7736902,SWLHHWS
687,7694372,7586308,SWLHHWS
688,7694372,15670251,SWLHHWS
689,7694372,15670159,SWLHHWS
690,7699855,15668451,SWOHOZR
691,7699855,15668383,SWOHOZR
692,7699855,15668468,SWOHOZR
693,7699855,15668465,SWOHOZR
694,7699855,15668473,SWOHOZR
695,7700376,15668459,SWEEOEO
696,7700376,15668379,SWEEOEO
697,7700376,15668460,SWEEOEO
698,7700376,15668474,SWEEOEO
699,7700376,15668462,SWEEOEO
700,7703098,15670251,SWRENHO
701,7703098,15669777,SWRENHO
702,7703098,7572300,SWRENHO
703,7703098,7569799,SWRENHO
704,7703098,21409004,SWRENHO
705,7703517,15669857,SWNNNNE
706,7703517,15669776,SWNNNNE
707,7703517,15669775,SWNNNNE
708,7703517,15669880,SWNNNNE
709,7703517,15669873,SWNNNNE
710,7705323,15669860,SWNOCER
711,7705323,15669864,SWNOCER
712,7705323,15669769,SWNOCER
713,7705323,15669866,SWNOCER
714,7705323,15669885,SWNOCER
715,7707108,15670250,SWONWWS
716,7707108,15670260,SWONWWS
717,7707108,15670252,SWONWWS
718,7707108,15670241,SWONWWS
719,7707108,15670163,SWONWWS
720,7708176,15668460,SWRNCEH
721,7708176,15668467,SWRNCEH
722,7708176,15668462,SWRNCEH
723,7708176,15668451,SWRNCEH
724,7708176,15668688,SWRNCEH
725,7709440,15668468,SWOHCZL
726,7709440,15668688,SWOHCZL
727,7709440,15668478,SWOHCZL
728,7709440,15668685,SWOHCZL
729,7709440,15668467,SWOHCZL
730,7710637,15670250,SWCSHZW
731,7710637,15670252,SWCSHZW
732,7710637,15670241,SWCSHZW
733,7710637,15670163,SWCSHZW
734,7710637,15670196,SWCSHZW
735,7712484,15668378,SWRCHWS
736,7712484,15668478,SWRCHWS
737,7712484,15669872,SWRCHWS
738,7712484,15669886,SWRCHWS
739,7712484,15669781,SWRCHWS
740,7714867,15669825,SWLRERH
741,7714867,15669761,SWLRERH
742,7714867,15669777,SWLRERH
743,7714867,15669863,SWLRERH
744,7714867,15669860,SWLRERH
745,7717595,15668462,SWLZNHZ
746,7717595,15669786,SWLZNHZ
747,7717595,15669776,SWLZNHZ
748,7717595,15669781,SWLZNHZ
749,7717595,15669790,SWLZNHZ
750,7719372,15669775,SWLNNNE
751,7719372,7587669,SWLNNNE
752,7719372,15669776,SWLNNNE
753,7719372,15669777,SWLNNNE
754,7719372,15669832,SWLNNNE
755,7721190,15668463,SWOHCHL
756,7721190,15668473,SWOHCHL
757,7721190,15668462,SWOHCHL
758,7721190,15668378,SWOHCHL
759,7721190,15668469,SWOHCHL
760,7724198,15668478,SSZZZOE
761,7724198,15668474,SSZZZOE
762,7724198,15670157,SSZZZOE
763,7724198,15670241,SSZZZOE
764,7724198,15670250,SSZZZOE
765,7727449,15670163,SWOZZZE
766,7727449,15670250,SWOZZZE
767,7727449,15670160,SWOZZZE
768,7727449,15670192,SWOZZZE
769,7727449,15670252,SWOZZZE
770,7728660,15670251,SWOZOSC
771,7728660,15668594,SWOZOSC
772,7728660,15670252,SWOZOSC
773,7728660,15670163,SWOZOSC
774,7728660,15670250,SWOZOSC
775,7729749,15668467,SWEECSW
776,7729749,15668381,SWEECSW
777,7729749,15668688,SWEECSW
778,7729749,15668455,SWEECSW
779,7729749,15668459,SWEECSW
780,7730836,7590864,SWNNOWW
781,7730836,15668452,SWNNOWW
782,7730836,15668459,SWNNOWW
783,7730836,15668379,SWNNOWW
784,7730836,7628085,SWNNOWW
785,7733315,7735524,SWOCEOC
786,7733315,15669870,SWOCEOC
787,7733315,15668465,SWOCEOC
788,7733315,15669814,SWOCEOC
789,7733315,15669878,SWOCEOC
790,7734225,15669777,SWNSWNZ
791,7734225,15669780,SWNSWNZ
792,7734225,15670271,SWNSWNZ
793,7734225,15669818,SWNSWNZ
794,7734225,15669767,SWNSWNZ
795,7738863,15670157,SWOHOER
796,7738863,15670260,SWOHOER
797,7738863,15670250,SWOHOER
798,7738863,15670241,SWOHOER
799,7738863,15670245,SWOHOER
800,7742017,15668467,SWLRSOE
801,7742017,15668455,SWLRSOE
802,7742017,15670251,SWLRSOE
803,7742017,15670241,SWLRSOE
804,7742017,7587657,SWLRSOE
805,7742018,15670157,SWLRHRW
806,7742018,15670251,SWLRHRW
807,7742018,15670241,SWLRHRW
808,7742018,15670163,SWLRHRW
809,7742018,15670245,SWLRHRW
810,7745973,7590864,SWNRHHO
811,7745973,15668379,SWNRHHO
812,7745973,7590867,SWNRHHO
813,7745973,15670157,SWNRHHO
814,7745973,15670260,SWNRHHO
815,7748353,15668688,SWNROCL
816,7748353,15668455,SWNROCL
817,7748353,15668381,SWNROCL
818,7748353,15668462,SWNROCL
819,7748353,15668459,SWNROCL
820,7749985,15669762,SWLRHSR
821,7749985,15668378,SWLRHSR
822,7749985,15668381,SWLRHSR
823,7749985,15668688,SWLRHSR
824,7749985,15668455,SWLRHSR
825,7752825,15669780,SWNSSEW
826,7752825,15669865,SWNSSEW
827,7752825,15669776,SWNSSEW
828,7752825,15669772,SWNSSEW
829,7752825,15669870,SWNSSEW
830,7753069,15670251,SWLEOSS
831,7753069,15670157,SWLEOSS
832,7753069,15670250,SWLEOSS
833,7753069,15670161,SWLEOSS
834,7753069,15670245,SWLEOSS
835,7754398,15668459,SWOEORS
836,7754398,15668476,SWOEORS
837,7754398,15668689,SWOEORS
838,7754398,15668457,SWOEORS
839,7754398,15668452,SWOEORS
840,7756215,15668459,SWNNZOR
841,7756215,15668468,SWNNZOR
842,7756215,15668688,SWNNZOR
843,7756215,15668460,SWNNZOR
844,7756215,15670157,SWNNZOR
845,7757206,15668470,SWOCOOS
846,7757206,15669778,SWOCOOS
847,7757206,15668452,SWOCOOS
848,7757206,15668467,SWOCOOS
849,7757206,15668474,SWOCOOS
850,7757462,15670260,SWRLWHS
851,7757462,15670250,SWRLWHS
852,7757462,15670241,SWRLWHS
853,7757462,15670252,SWRLWHS
854,7757462,15670245,SWRLWHS
855,7760313,15670251,SWNHHOR
856,7760313,15669860,SWNHHOR
857,7760313,15669776,SWNHHOR
858,7760313,15670241,SWNHHOR
859,7760313,15669760,SWNHHOR
860,7762269,15670163,SWLLWNL
861,7762269,15670241,SWLLWNL
862,7762269,15670196,SWLLWNL
863,7762269,15670192,SWLLWNL
864,7762269,15670252,SWLLWNL
865,7764086,7689353,SWLEWSE
866,7764086,15668383,SWLEWSE
867,7764086,15669776,SWLEWSE
868,7764086,15669870,SWLEWSE
869,7764086,15669760,SWLEWSE
870,7764234,15668595,SWLOOSN
871,7764234,15669870,SWLOOSN
872,7764234,15670271,SWLOOSN
873,7764234,15669814,SWLOOSN
874,7764234,15668476,SWLOOSN
875,7764318,15668462,SWNCZWO
876,7764318,15668455,SWNCZWO
877,7764318,15668378,SWNCZWO
878,7764318,15668458,SWNCZWO
879,7764318,15668688,SWNCZWO
880,7764985,15668383,SWOHWWN
881,7764985,15668465,SWOHWWN
882,7764985,15668460,SWOHWWN
883,7764985,15668451,SWOHWWN
884,7764985,15668462,SWOHWWN
885,7765027,15670250,SWLEZRR
886,7765027,15668381,SWLEZRR
887,7765027,15670251,SWLEZRR
888,7765027,15668476,SWLEZRR
889,7765027,15668469,SWLEZRR
890,7765977,15668594,SWNNRHC
891,7765977,15668689,SWNNRHC
892,7765977,15670260,SWNNRHC
893,7765977,15670157,SWNNRHC
894,7765977,15668454,SWNNRHC
895,7768104,15669860,SWLWNZW
896,7768104,15669762,SWLWNZW
897,7768104,15669763,SWLWNZW
898,7768104,7586509,SWLWNZW
899,7768104,15669864,SWLWNZW
900,7771136,7601953,SWOCNOC
901,7771136,7585573,SWOCNOC
902,7771136,15669767,SWOCNOC
903,7771136,15668460,SWOCNOC
904,7771136,7610714,SWOCNOC
905,7771245,15668462,SWNEWHL
906,7771245,15668455,SWNEWHL
907,7771245,15668381,SWNEWHL
908,7771245,15668459,SWNEWHL
909,7771245,15668688,SWNEWHL
910,7775378,15668688,SWOCEEH
911,7775378,15668381,SWOCEEH
912,7775378,15668689,SWOCEEH
913,7775378,15668685,SWOCEEH
914,7775378,15668459,SWOCEEH
915,7779672,7582057,SWLNLSH
916,7779672,15669760,SWLNLSH
917,7779672,15669860,SWLNLSH
918,7779672,15669799,SWLNLSH
919,7779672,15669878,SWLNLSH
920,7782046,15668468,SWNHZEE
921,7782046,15670251,SWNHZEE
922,7782046,15670240,SWNHZEE
923,7782046,15668471,SWNHZEE
924,7782046,15668452,SWNHZEE
925,7783137,7624788,SWOERZO
926,7783137,93156751,SWOERZO
927,7783137,15669774,SWOERZO
928,7783137,15668379,SWOERZO
929,7783137,15668688,SWOERZO
930,7783825,15668465,SWNSRNC
931,7783825,15668467,SWNSRNC
932,7783825,15668459,SWNSRNC
933,7783825,15668468,SWNSRNC
934,7783825,15669776,SWNSRNC
935,7785531,15668459,SWOCLHE
936,7785531,15668452,SWOCLHE
937,7785531,15669778,SWOCLHE
938,7785531,15669769,SWOCLHE
939,7785531,15668476,SWOCLHE
940,7788465,15668685,SWNNWZZ
941,7788465,15668454,SWNNWZZ
942,7788465,7580034,SWNNWZZ
943,7788465,15668379,SWNNWZZ
944,7788465,15668688,SWNNWZZ
945,7788834,15668687,SWOOZRS
946,7788834,15668379,SWOOZRS
947,7788834,15668459,SWOOZRS
948,7788834,15668474,SWOOZRS
949,7788834,15668460,SWOOZRS
950,7791568,15669870,SWNEZSE
951,7791568,15668452,SWNEZSE
952,7791568,7594821,SWNEZSE
953,7791568,15668454,SWNEZSE
954,7791568,15668468,SWNEZSE
955,7793755,7590867,SWLWCLW
956,7793755,15668467,SWLWCLW
957,7793755,92388167,SWLWCLW
958,7793755,15668476,SWLWCLW
959,7793755,15668457,SWLWCLW
960,7795816,15668459,SWOOEZE
961,7795816,15669776,SWOOEZE
962,7795816,15668381,SWOOEZE
963,7795816,15668688,SWOOEZE
964,7795816,15668451,SWOOEZE
965,7798184,7572251,SWOSLLW
966,7798184,7572430,SWOSLLW
967,7798184,34990774,SWOSLLW
968,7798184,7634572,SWOSLLW
969,7798184,7753743,SWOSLLW
970,7801245,15669863,SWLOCLW
971,7801245,15669860,SWLOCLW
972,7801245,15669769,SWLOCLW
973,7801245,15669870,SWLOCLW
974,7801245,15669869,SWLOCLW
975,7806900,15668688,SWLWCSW
976,7806900,15668459,SWLWCSW
977,7806900,15668378,SWLWCSW
978,7806900,15668468,SWLWCSW
979,7806900,15668451,SWLWCSW
980,7808939,15669778,SWNHESZ
981,7808939,15669777,SWNHESZ
982,7808939,15669781,SWNHESZ
983,7808939,15669863,SWNHESZ
984,7808939,15669764,SWNHESZ
985,7809643,15669764,SWLHWZE
986,7809643,15669776,SWLHWZE
987,7809643,15669865,SWLHWZE
988,7809643,15669763,SWLHWZE
989,7809643,15669861,SWLHWZE
990,7812284,7580034,SWLLESL
991,7812284,15668454,SWLLESL
992,7812284,15668468,SWLLESL
993,7812284,15668452,SWLLESL
994,7812284,15668476,SWLLESL
995,7813835,15668468,SWNLOLC
996,7813835,15668452,SWNLOLC
997,7813835,15669860,SWNLOLC
998,7813835,15669869,SWNLOLC
999,7813835,15669769,SWNLOLC
1000,7817216,15668462,SWNHNRN
1001,7817216,15668459,SWNHNRN
1002,7817216,15668467,SWNHNRN
1003,7817216,15668381,SWNHNRN
1004,7817216,15668688,SWNHNRN
1005,7819500,15669776,SWLLLCW
1006,7819500,15669869,SWLLLCW
1007,7819500,15669781,SWLLLCW
1008,7819500,15669814,SWLLLCW
1009,7819500,15669821,SWLLLCW
1010,7820348,15669856,SWLONLL
1011,7820348,15668376,SWLONLL
1012,7820348,15668462,SWLONLL
1013,7820348,15668383,SWLONLL
1014,7820348,15668473,SWLONLL
1015,7821280,15668520,SWLLZCE
1016,7821280,15669763,SWLLZCE
1017,7821280,15669772,SWLLZCE
1018,7821280,15669864,SWLLZCE
1019,7821280,15669776,SWLLZCE
1020,7824172,7580823,SWLROCE
1021,7824172,15668378,SWLROCE
1022,7824172,15668460,SWLROCE
1023,7824172,15668381,SWLROCE
1024,7824172,15668688,SWLROCE
1025,7825117,7586509,SWLHCLH
1026,7825117,7569799,SWLHCLH
1027,7825117,7569806,SWLHCLH
1028,7825117,15669769,SWLHCLH
1029,7825117,7572307,SWLHCLH
1030,7826605,15669860,SWNRWOH
1031,7826605,15669776,SWNRWOH
1032,7826605,15669772,SWNRWOH
1033,7826605,15669880,SWNRWOH
1034,7826605,15669777,SWNRWOH
1035,7826710,7561680,SWNWSCO
1036,7826710,15668688,SWNWSCO
1037,7826710,15668471,SWNWSCO
1038,7826710,93289487,SWNWSCO
1039,7826710,15668378,SWNWSCO
1040,7830364,15668474,SWNECLZ
1041,7830364,7627860,SWNECLZ
1042,7830364,15669863,SWNECLZ
1043,7830364,15669764,SWNECLZ
1044,7830364,15669767,SWNECLZ
1045,7830638,7569799,SWLSZWZ
1046,7830638,7585571,SWLSZWZ
1047,7830638,7610713,SWLSZWZ
1048,7830638,15669869,SWLSZWZ
1049,7830638,15669776,SWLSZWZ
1050,7850334,15668459,SWLLZEO
1051,7850334,15668457,SWLLZEO
1052,7850334,15668451,SWLLZEO
1053,7850334,15668689,SWLLZEO
1054,7850334,15668381,SWLLZEO
1055,7853559,15669777,SWLHSRS
1056,7853559,15668688,SWLHSRS
1057,7853559,15669776,SWLHSRS
1058,7853559,15669878,SWLHSRS
1059,7853559,15669817,SWLHSRS
1060,7862618,15669860,SWNNNES
1061,7862618,15669772,SWNNNES
1062,7862618,15668689,SWNNNES
1063,7862618,15669880,SWNNNES
1064,7862618,15669777,SWNNNES
1065,7862826,15669776,SWLOELR
1066,7862826,15669821,SWLOELR
1067,7862826,15669870,SWLOELR
1068,7862826,15669823,SWLOELR
1069,7862826,15669780,SWLOELR
1070,7863862,7586072,SWNESWN
1071,7863862,15668465,SWNESWN
1072,7863862,15668467,SWNESWN
1073,7863862,15668381,SWNESWN
1074,7863862,15668457,SWNESWN
1075,8061159,15668379,SWHRRNR
1076,8061159,15668449,SWHRRNR
1077,8061159,15668688,SWHRRNR
1078,8061159,15668689,SWHRRNR
1079,8061159,15668459,SWHRRNR
1080,8061163,15669775,SWOEOHC
1081,8061163,15669776,SWOEOHC
1082,8061163,15669832,SWOEOHC
1083,8061163,15669777,SWOEOHC
1084,8061163,15669767,SWOEOHC
1085,8061560,15668688,SSWLLSL
1086,8061560,7569801,SSWLLSL
1087,8061560,15668467,SSWLLSL
1088,8061560,15668377,SSWLLSL
1089,8061560,15668378,SSWLLSL
1090,8061961,15668688,SSSCOOH
1091,8061961,15668379,SSSCOOH
1092,8061961,15668460,SSSCOOH
1093,8061961,15668451,SSSCOOH
1094,8061961,15668383,SSSCOOH
1095,8063588,15668478,SWENCHZ
1096,8063588,7580781,SWENCHZ
1097,8063588,7624788,SWENCHZ
1098,8063588,15668381,SWENCHZ
1099,8063588,15669801,SWENCHZ
1100,8063597,15669769,SSOWEOO
1101,8063597,15669832,SSOWEOO
1102,8063597,15669776,SSOWEOO
1103,8063597,15669790,SSOWEOO
1104,8063597,15669814,SSOWEOO
1105,8063911,15668466,SWLLRNC
1106,8063911,15668687,SWLLRNC
1107,8063911,15668448,SWLLRNC
1108,8063911,15668377,SWLLRNC
1109,8063911,34990370,SWLLRNC
1110,8064356,15668478,SWHERHH
1111,8064356,15668685,SWHERHH
1112,8064356,7585571,SWHERHH
1113,8064356,7742598,SWHERHH
1114,8064356,15668381,SWHERHH
1115,8064480,15669786,SSRCENS
1116,8064480,15669859,SSRCENS
1117,8064480,15668460,SSRCENS
1118,8064480,7547323,SSRCENS
1119,8064480,15668469,SSRCENS
1120,8064972,15669856,SSORZCC
1121,8064972,15669773,SSORZCC
1122,8064972,15669776,SSORZCC
1123,8064972,15669857,SSORZCC
1124,8064972,15669781,SSORZCC
1125,8065270,15669870,SSRNLNN
1126,8065270,15669814,SSRNLNN
1127,8065270,15669776,SSRNLNN
1128,8065270,15669857,SSRNLNN
1129,8065270,15669781,SSRNLNN
1130,8065395,15668375,SSZHLRN
1131,8065395,15668468,SSZHLRN
1132,8065395,15669870,SSZHLRN
1133,8065395,15669781,SSZHLRN
1134,8065395,7753779,SSZHLRN
1135,8065400,15669818,SSLZWEN
1136,8065400,15669781,SSLZWEN
1137,8065400,15669767,SSLZWEN
1138,8065400,34986129,SSLZWEN
1139,8065400,15669760,SSLZWEN
1140,8065445,15668381,SSHCESW
1141,8065445,15668378,SSHCESW
1142,8065445,15668494,SSHCESW
1143,8065445,15668465,SSHCESW
1144,8065445,7561680,SSHCESW
1145,8065502,15669762,SWHOORR
1146,8065502,15669864,SWHOORR
1147,8065502,7578355,SWHOORR
1148,8065502,15669760,SWHOORR
1149,8065502,15669870,SWHOORR
1150,8065871,7637309,SSWCOLR
1151,8065871,15668460,SSWCOLR
1152,8065871,15668469,SSWCOLR
1153,8065871,15668468,SSWCOLR
1154,8065871,15668377,SSWCOLR
1155,8066070,15669777,SSCZESH
1156,8066070,15669857,SSCZESH
1157,8066070,15669761,SSCZESH
1158,8066070,15669997,SSCZESH
1159,8066070,15669770,SSCZESH
1160,8067510,15669887,SSZNRER
1161,8067510,15669817,SSZNRER
1162,8067510,15669760,SSZNRER
1163,8067510,15669870,SSZNRER
1164,8067510,15669814,SSZNRER
1165,8067980,15669880,SSOSOCH
1166,8067980,15669772,SSOSOCH
1167,8067980,15669870,SSOSOCH
1168,8067980,15669781,SSOSOCH
1169,8067980,15669814,SSOSOCH
1170,8069214,15669866,SSNOZHH
1171,8069214,15670269,SSNOZHH
1172,8069214,15669772,SSNOZHH
1173,8069214,15669762,SSNOZHH
1174,8069214,15669988,SSNOZHH
1175,8069362,15668465,SSRENSZ
1176,8069362,15668462,SSRENSZ
1177,8069362,15668467,SSRENSZ
1178,8069362,15669781,SSRENSZ
1179,8069362,15668379,SSRENSZ
1180,8069625,15669777,SSOHZHS
1181,8069625,15669764,SSOHZHS
1182,8069625,15669821,SSOHZHS
1183,8069625,15669857,SSOHZHS
1184,8069625,15669781,SSOHZHS
1185,8069966,7580823,SSCEHNS
1186,8069966,15668377,SSCEHNS
1187,8069966,15669870,SSCEHNS
1188,8069966,15669781,SSCEHNS
1189,8069966,15669776,SSCEHNS
1190,8070166,15669765,SSZWOZH
1191,8070166,15668460,SSZWOZH
1192,8070166,15669821,SSZWOZH
1193,8070166,15670267,SSZWOZH
1194,8070166,15668379,SSZWOZH
1195,8070264,15668458,SSRWCWC
1196,8070264,15668466,SSRWCWC
1197,8070264,15669765,SSRWCWC
1198,8070264,15668460,SSRWCWC
1199,8070264,15668381,SSRWCWC
1200,8070481,15669760,SSSWCLL
1201,8070481,15669773,SSSWCLL
1202,8070481,15669804,SSSWCLL
1203,8070481,15669821,SSSWCLL
1204,8070481,34986115,SSSWCLL
1205,8070710,15668468,SSCLCSW
1206,8070710,7569801,SSCLCSW
1207,8070710,15668467,SSCLCSW
1208,8070710,15668465,SSCLCSW
1209,8070710,15668455,SSCLCSW
1210,8070847,7593949,SWRNEHZ
1211,8070847,7753734,SWRNEHZ
1212,8070847,15668381,SWRNEHZ
1213,8070847,15668378,SWRNEHZ
1214,8070847,15668467,SWRNEHZ
1215,8071092,7580823,SSLNESH
1216,8071092,15668465,SSLNESH
1217,8071092,15668494,SSLNESH
1218,8071092,15668460,SSLNESH
1219,8071092,34986112,SSLNESH
1220,8071210,15668379,SWNORRH
1221,8071210,15669773,SWNORRH
1222,8071210,15669778,SWNORRH
1223,8071210,15669769,SWNORRH
1224,8071210,15669863,SWNORRH
1225,8071554,15669767,SSCESNS
1226,8071554,15668469,SSCESNS
1227,8071554,15668416,SSCESNS
1228,8071554,15668381,SSCESNS
1229,8071554,7625761,SSCESNS
1230,8072719,15668685,SWNZOLC
1231,8072719,15668457,SWNZOLC
1232,8072719,15668458,SWNZOLC
1233,8072719,15668469,SWNZOLC
1234,8072719,15668688,SWNZOLC
1235,8073815,15668458,SSSZCCN
1236,8073815,15668460,SSSZCCN
1237,8073815,15669776,SSSZCCN
1238,8073815,15669869,SSSZCCN
1239,8073815,15669772,SSSZCCN
1240,8073939,15668480,SSOSOEC
1241,8073939,15668378,SSOSOEC
1242,8073939,93176430,SSOSOEC
1243,8073939,7586308,SSOSOEC
1244,8073939,7569801,SSOSOEC
1245,8074318,7585573,SSHCNOH
1246,8074318,7580089,SSHCNOH
1247,8074318,7572311,SSHCNOH
1248,8074318,15668460,SSHCNOH
1249,8074318,7569806,SSHCNOH
1250,8074454,15668460,SWOWSZW
1251,8074454,15669866,SWOWSZW
1252,8074454,15669885,SWOWSZW
1253,8074454,15670269,SWOWSZW
1254,8074454,15669762,SWOWSZW
1255,8074475,15669789,SWNRLOS
1256,8074475,15669803,SWNRLOS
1257,8074475,15669880,SWNRLOS
1258,8074475,15669776,SWNRLOS
1259,8074475,15670267,SWNRLOS
1260,8074536,15669860,SSEOLNO
1261,8074536,15669776,SSEOLNO
1262,8074536,15669760,SSEOLNO
1263,8074536,15669767,SSEOLNO
1264,8074536,15669781,SSEOLNO
1265,8074820,15668460,SWCRWEH
1266,8074820,15668379,SWCRWEH
1267,8074820,15668685,SWCRWEH
1268,8074820,15668459,SWCRWEH
1269,8074820,34986274,SWCRWEH
1270,8075344,7569799,SWOSZOL
1271,8075344,34990774,SWOSZOL
1272,8075344,7572300,SWOSZOL
1273,8075344,15668451,SWOSZOL
1274,8075344,15668688,SWOSZOL
1275,8075370,15669762,SWEWWZL
1276,8075370,15669769,SWEWWZL
1277,8075370,15669763,SWEWWZL
1278,8075370,15669866,SWEWWZL
1279,8075370,15669860,SWEWWZL
1280,8075456,34986112,SWNRLEZ
1281,8075456,34986132,SWNRLEZ
1282,8075456,34986118,SWNRLEZ
1283,8075456,15669760,SWNRLEZ
1284,8075456,15669817,SWNRLEZ
1285,8075477,7587691,SSZLCSE
1286,8075477,15669997,SSZLCSE
1287,8075477,15669821,SSZLCSE
1288,8075477,15669776,SSZLCSE
1289,8075477,7587687,SSZLCSE
1290,8075506,15668460,SSRZHHN
1291,8075506,15668378,SSRZHHN
1292,8075506,7586509,SSRZHHN
1293,8075506,7579698,SSRZHHN
1294,8075506,7736902,SSRZHHN
1295,8075791,15669804,SWEHZZZ
1296,8075791,15669832,SWEHZZZ
1297,8075791,7675055,SWEHZZZ
1298,8075791,15669772,SWEHZZZ
1299,8075791,15669764,SWEHZZZ
1300,8076187,15668685,SSRHNHL
1301,8076187,15668379,SSRHNHL
1302,8076187,15668463,SSRHNHL
1303,8076187,15668473,SSRHNHL
1304,8076187,15668451,SSRHNHL
1305,8076206,15669869,SWOEZES
1306,8076206,15669878,SWOEZES
1307,8076206,15669821,SWOEZES
1308,8076206,15669823,SWOEZES
1309,8076206,15668460,SWOEZES
1310,8077366,15669780,SSCWORR
1311,8077366,15669821,SSCWORR
1312,8077366,15669767,SSCWORR
1313,8077366,15669869,SSCWORR
1314,8077366,15668469,SSCWORR
1315,8077922,34986112,SWNNRHE
1316,8077922,15669818,SWNNRHE
1317,8077922,34987566,SWNNRHE
1318,8077922,15669869,SWNNRHE
1319,8077922,15669777,SWNNRHE
1320,8078249,15669767,SWNHHOE
1321,8078249,15669780,SWNHHOE
1322,8078249,15669821,SWNHHOE
1323,8078249,15669776,SWNHHOE
1324,8078249,15669818,SWNHHOE
1325,8078727,15669880,SSHOZRZ
1326,8078727,15668380,SSHOZRZ
1327,8078727,15669957,SSHOZRZ
1328,8078727,7572433,SSHOZRZ
1329,8078727,15669960,SSHOZRZ
1330,8079264,15669864,SWNEHSL
1331,8079264,15669965,SWNEHSL
1332,8079264,15669799,SWNEHSL
1333,8079264,15669880,SWNEHSL
1334,8079264,7675055,SWNEHSL
1335,8079315,15668460,SSSHNNH
1336,8079315,15668462,SSSHNNH
1337,8079315,7642814,SSSHNNH
1338,8079315,7753742,SSSHNNH
1339,8079315,7587660,SSSHNNH
1340,8079383,15668381,SWNEHEC
1341,8079383,15668462,SWNEHEC
1342,8079383,93141092,SWNEHEC
1343,8079383,93141023,SWNEHEC
1344,8079383,34987220,SWNEHEC
1345,8080057,15668467,SSCLSCL
1346,8080057,15668460,SSCLSCL
1347,8080057,15669772,SSCLSCL
1348,8080057,15669860,SSCLSCL
1349,8080057,15669866,SSCLSCL
1350,8080218,15668458,SWCZELR
1351,8080218,15669775,SWCZELR
1352,8080218,15669873,SWCZELR
1353,8080218,15669814,SWCZELR
1354,8080218,15669790,SWCZELR
1355,8080311,15670009,SSZCWCC
1356,8080311,15670010,SSZCWCC
1357,8080311,15669794,SSZCWCC
1358,8080311,15669821,SSZCWCC
1359,8080311,7585571,SSZCWCC
1360,8080319,15668688,SSNSECH
1361,8080319,15668378,SSNSECH
1362,8080319,15669781,SSNSECH
1363,8080319,15669821,SSNSECH
1364,8080319,15669775,SSNSECH
1365,8080596,15668480,SSNLZHH
1366,8080596,7572312,SSNLZHH
1367,8080596,15669821,SSNLZHH
1368,8080596,15669823,SSNLZHH
1369,8080596,15669863,SSNLZHH
1370,8081235,15669870,SSWRLOE
1371,8081235,15669821,SSWRLOE
1372,8081235,15669775,SSWRLOE
1373,8081235,15669825,SSWRLOE
1374,8081235,21408952,SSWRLOE
1375,8081317,15670271,SWLZSNO
1376,8081317,15669832,SWLZSNO
1377,8081317,15669814,SWLZSNO
1378,8081317,15669870,SWLZSNO
1379,8081317,15669872,SWLZSNO
1380,8081573,15668460,SWORNSW
1381,8081573,7580811,SWORNSW
1382,8081573,15668381,SWORNSW
1383,8081573,15668688,SWORNSW
1384,8081573,15668467,SWORNSW
1385,8082175,15668688,SSSEWLS
1386,8082175,15669856,SSSEWLS
1387,8082175,7633490,SSSEWLS
1388,8082175,15669777,SSSEWLS
1389,8082175,15669771,SSSEWLS
1390,8082912,7585573,SWLOZWE
1391,8082912,7585571,SWLOZWE
1392,8082912,15669776,SWLOZWE
1393,8082912,15669823,SWLOZWE
1394,8082912,15669870,SWLOZWE
1395,8082957,15669833,SWNCOOR
1396,8082957,7587488,SWNCOOR
1397,8082957,15669814,SWNCOOR
1398,8082957,15669781,SWNCOOR
1399,8082957,15669870,SWNCOOR
1400,8083038,15669781,SSCWNSN
1401,8083038,15669857,SSCWNSN
1402,8083038,15669790,SSCWNSN
1403,8083038,15669777,SSCWNSN
1404,8083038,15669832,SSCWNSN
1405,8083081,15669976,SSNCWZO
1406,8083081,15670250,SSNCWZO
1407,8083081,15670246,SSNCWZO
1408,8083081,15670241,SSNCWZO
1409,8083081,15670252,SSNCWZO
1410,8083255,15668381,SSHHZRO
1411,8083255,15668469,SSHHZRO
1412,8083255,15668463,SSHHZRO
1413,8083255,15669869,SSHHZRO
1414,8083255,15669857,SSHHZRO
1415,8083357,7572306,SSSHLNW
1416,8083357,15669859,SSSHLNW
1417,8083357,34986112,SSSHLNW
1418,8083357,7578341,SSSHLNW
1419,8083357,34990774,SSSHLNW
1420,8083432,15668380,SSLLLZC
1421,8083432,15669780,SSLLLZC
1422,8083432,34986112,SSLLLZC
1423,8083432,34987566,SSLLLZC
1424,8083432,34986129,SSLLLZC
1425,8083700,15669782,SWNSCOW
1426,8083700,15669882,SWNSCOW
1427,8083700,15669814,SWNSCOW
1428,8083700,15669870,SWNSCOW
1429,8083700,15670271,SWNSCOW
1430,8084238,15668688,SSZZWOR
1431,8084238,7569802,SSZZWOR
1432,8084238,15670250,SSZZWOR
1433,8084238,15670157,SSZZWOR
1434,8084238,15670196,SSZZWOR
1435,8084306,15668462,SWOCZER
1436,8084306,15668467,SWOCZER
1437,8084306,93141023,SWOCZER
1438,8084306,15670157,SWOCZER
1439,8084306,15670192,SWOCZER
1440,8084980,15668380,SSOOWNN
1441,8084980,15669817,SSOOWNN
1442,8084980,7570686,SSOOWNN
1443,8084980,15668454,SSOOWNN
1444,8084980,15669994,SSOOWNN
1445,8084987,15669997,SSNOWOC
1446,8084987,15669992,SSNOWOC
1447,8084987,15669860,SSNOWOC
1448,8084987,15669859,SSNOWOC
1449,8084987,15668688,SSNOWOC
1450,8085270,15668478,SSLEZWR
1451,8085270,15669886,SSLEZWR
1452,8085270,15668467,SSLEZWR
1453,8085270,15668378,SSLEZWR
1454,8085270,15668455,SSLEZWR
1455,8085297,15668381,SSCSLWN
1456,8085297,15668688,SSCSLWN
1457,8085297,15669814,SSCSLWN
1458,8085297,15669832,SSCSLWN
1459,8085297,15669776,SSCSLWN
1460,8085797,15668685,SWRCLON
1461,8085797,15668451,SWRCLON
1462,8085797,15668465,SWRCLON
1463,8085797,15668460,SWRCLON
1464,8085797,15668478,SWRCLON
1465,8086954,15670269,SSOEZWZ
1466,8086954,7572254,SSOEZWZ
1467,8086954,15669777,SSOEZWZ
1468,8086954,15669817,SSOEZWZ
1469,8086954,15669761,SSOEZWZ
1470,8087273,15669769,SSCRSWO
1471,8087273,15669832,SSCRSWO
1472,8087273,15670269,SSCRSWO
1473,8087273,15669772,SSCRSWO
1474,8087273,15669869,SSCRSWO
1475,8087274,15668458,SSNNLRW
1476,8087274,15668478,SSNNLRW
1477,8087274,15669869,SSNNLRW
1478,8087274,15669776,SSNNLRW
1479,8087274,15669880,SSNNLRW
1480,8087471,15668460,SSCRESN
1481,8087471,15668381,SSCRESN
1482,8087471,15669765,SSCRESN
1483,8087471,15668467,SSCRESN
1484,8087471,15668463,SSCRESN
1485,8087495,34990774,SSCZRCZ
1486,8087495,15668521,SSCZRCZ
1487,8087495,15668685,SSCZRCZ
1488,8087495,7569805,SSCZRCZ
1489,8087495,34988771,SSCZRCZ
1490,8087997,15669776,SWCOLON
1491,8087997,15668459,SWCOLON
1492,8087997,15669883,SWCOLON
1493,8087997,15669775,SWCOLON
1494,8087997,15668381,SWCOLON
1495,8088038,15669780,SWLNZNC
1496,8088038,15669790,SWLNZNC
1497,8088038,15669775,SWLNZNC
1498,8088038,15669814,SWLNZNC
1499,8088038,15669776,SWLNZNC
1500,8088678,34987568,SWCLLSO
1501,8088678,15669863,SWCLLSO
1502,8088678,15669870,SWCLLSO
1503,8088678,15669869,SWCLLSO
1504,8088678,15669818,SWCLLSO
1505,8089109,15669857,SSLNHHC
1506,8089109,15669781,SSLNHHC
1507,8089109,15669872,SSLNHHC
1508,8089109,15669776,SSLNHHC
1509,8089109,15669821,SSLNHHC
1510,8089133,7580802,SWONORL
1511,8089133,15668462,SWONORL
1512,8089133,15668467,SWONORL
1513,8089133,15668455,SWONORL
1514,8089133,15668378,SWONORL
1515,8089178,15669814,SWCNZWC
1516,8089178,15669790,SWCNZWC
1517,8089178,15669823,SWCNZWC
1518,8089178,15669870,SWCNZWC
1519,8089178,15669781,SWCNZWC
1520,8089212,15668469,SWCNZWN
1521,8089212,15668458,SWCNZWN
1522,8089212,15668685,SWCNZWN
1523,8089212,15668466,SWCNZWN
1524,8089212,15668462,SWCNZWN
1525,8089417,15668460,SWCCRWR
1526,8089417,15670254,SWCCRWR
1527,8089417,15670157,SWCCRWR
1528,8089417,92887544,SWCCRWR
1529,8089417,15670241,SWCCRWR
1530,8089421,15669887,SSZEZHN
1531,8089421,15669832,SSZEZHN
1532,8089421,15670267,SSZEZHN
1533,8089421,15669872,SSZEZHN
1534,8089421,15669777,SSZEZHN
1535,8089497,15669782,SWHOECO
1536,8089497,15669861,SWHOECO
1537,8089497,15669818,SWHOECO
1538,8089497,34986125,SWHOECO
1539,8089497,15669776,SWHOECO
1540,8089518,15669763,SSWOSRE
1541,8089518,15669780,SSWOSRE
1542,8089518,15670269,SSWOSRE
1543,8089518,15669832,SSWOSRE
1544,8089518,15669777,SSWOSRE
1545,8090614,15669858,SWOERWC
1546,8090614,15668688,SWOERWC
1547,8090614,15669880,SWOERWC
1548,8090614,34987566,SWOERWC
1549,8090614,15669814,SWOERWC
1550,8091771,15668381,SSCRENS
1551,8091771,15668685,SSCRENS
1552,8091771,15669777,SSCRENS
1553,8091771,15669776,SSCRENS
1554,8091771,15668378,SSCRENS
1555,8091884,15669821,SSEHHWW
1556,8091884,15669761,SSEHHWW
1557,8091884,15669776,SSEHHWW
1558,8091884,15669823,SSEHHWW
1559,8091884,15669870,SSEHHWW
1560,8092443,15669799,SWOZSCZ
1561,8092443,15669764,SWOZSCZ
1562,8092443,34987566,SWOZSCZ
1563,8092443,34986129,SWOZSCZ
1564,8092443,15669781,SWOZSCZ
1565,8093760,15669808,SSESNZL
1566,8093760,34989674,SSESNZL
1567,8093760,15669806,SSESNZL
1568,8093760,15669803,SSESNZL
1569,8093760,34986132,SSESNZL
1570,8094384,15668688,SSSEWCH
1571,8094384,15669871,SSSEWCH
1572,8094384,15668468,SSSEWCH
1573,8094384,15668467,SSSEWCH
1574,8094384,15668460,SSSEWCH
1575,8094702,15669769,SSCRRRE
1576,8094702,15669778,SSCRRRE
1577,8094702,15670269,SSCRRRE
1578,8094702,15669869,SSCRRRE
1579,8094702,15669763,SSCRRRE
1580,8095702,15669780,SWRLOEC
1581,8095702,15668416,SWRLOEC
1582,8095702,15669776,SWRLOEC
1583,8095702,15669823,SWRLOEC
1584,8095702,15669870,SWRLOEC
1585,8096305,15669884,SSNEHZR
1586,8096305,15669869,SSNEHZR
1587,8096305,15669870,SSNEHZR
1588,8096305,15669777,SSNEHZR
1589,8096305,15669857,SSNEHZR
1590,8096359,15668381,SSWRLZN
1591,8096359,15669801,SSWRLZN
1592,8096359,15668467,SSWRLZN
1593,8096359,15668458,SSWRLZN
1594,8096359,15668462,SSWRLZN
1595,8096457,15668378,SWEOOLR
1596,8096457,15670157,SWEOOLR
1597,8096457,7578229,SWEOOLR
1598,8096457,7587669,SWEOOLR
1599,8096457,7587687,SWEOOLR
1600,8096786,15669767,SSLLLRR
1601,8096786,15669771,SSLLLRR
1602,8096786,15669870,SSLLLRR
1603,8096786,34987566,SSLLLRR
1604,8096786,15669781,SSLLLRR
1605,8096811,15668460,SSLZLCS
1606,8096811,15668467,SSLZLCS
1607,8096811,15668451,SSLZLCS
1608,8096811,15668378,SSLZLCS
1609,8096811,15668470,SSLZLCS
1610,8097385,15668465,SSENHNN
1611,8097385,15668460,SSENHNN
1612,8097385,15668451,SSENHNN
1613,8097385,15668381,SSENHNN
1614,8097385,15668478,SSENHNN
1615,8098117,15669880,SWNEWRZ
1616,8098117,7572310,SWNEWRZ
1617,8098117,15669869,SWNEWRZ
1618,8098117,15669821,SWNEWRZ
1619,8098117,15669818,SWNEWRZ
1620,8099163,15669777,SSRCCNE
1621,8099163,21409004,SSRCCNE
1622,8099163,15669817,SSRCCNE
1623,8099163,15669762,SSRCCNE
1624,8099163,7569624,SSRCCNE
1625,8099217,7586509,SSRLORR
1626,8099217,7569799,SSRLORR
1627,8099217,92388173,SSRLORR
1628,8099217,7569802,SSRLORR
1629,8099217,7572306,SSRLORR
1630,8099849,15668478,SSCEWZO
1631,8099849,15668688,SSCEWZO
1632,8099849,34986112,SSCEWZO
1633,8099849,15669804,SSCEWZO
1634,8099849,21409129,SSCEWZO
1635,8100379,15669780,SSRRHLE
1636,8100379,7653522,SSRRHLE
1637,8100379,7569802,SSRRHLE
1638,8100379,7572302,SSRRHLE
1639,8100379,7753743,SSRRHLE
1640,8101018,15668466,SSLREZW
1641,8101018,7572310,SSLREZW
1642,8101018,15670260,SSLREZW
1643,8101018,15670163,SSLREZW
1644,8101018,15670196,SSLREZW
1645,8101071,7729965,SSEHLRW
1646,8101071,15668377,SSEHLRW
1647,8101071,15668381,SSEHLRW
1648,8101071,7586504,SSEHLRW
1649,8101071,15669832,SSEHLRW
1650,8101152,15668688,SWRHRLL
1651,8101152,15668465,SWRHRLL
1652,8101152,15668381,SWRHRLL
1653,8101152,15668467,SWRHRLL
1654,8101152,15668469,SWRHRLL
1655,8101260,15668460,SSNORLN
1656,8101260,15668469,SSNORLN
1657,8101260,15668467,SSNORLN
1658,8101260,15668378,SSNORLN
1659,8101260,15668462,SSNORLN
1660,8101807,15669778,SSWERSN
1661,8101807,15669860,SSWERSN
1662,8101807,15669776,SSWERSN
1663,8101807,15669760,SSWERSN
1664,8101807,15670269,SSWERSN
1665,8101813,15668467,SSOHWHC
1666,8101813,15668378,SSOHWHC
1667,8101813,15668455,SSOHWHC
1668,8101813,15668685,SSOHWHC
1669,8101813,15668473,SSOHWHC
1670,8102328,15668460,SSLWEEZ
1671,8102328,15668467,SSLWEEZ
1672,8102328,15668688,SSLWEEZ
1673,8102328,15668468,SSLWEEZ
1674,8102328,15668378,SSLWEEZ
1675,8102389,15669781,SSCZSEE
1676,8102389,15669814,SSCZSEE
1677,8102389,15670157,SSCZSEE
1678,8102389,15670271,SSCZSEE
1679,8102389,15669870,SSCZSEE
1680,8102497,7561688,SSRENSN
1681,8102497,7572307,SSRENSN
1682,8102497,7569799,SSRENSN
1683,8102497,7572303,SSRENSN
1684,8102497,92978776,SSRENSN
1685,8104047,15669878,SWOZECO
1686,8104047,15669814,SWOZECO
1687,8104047,15669776,SWOZECO
1688,8104047,15669775,SWOZECO
1689,8104047,34986113,SWOZECO
1690,8104378,15668467,SSSWOLZ
1691,8104378,15668381,SSSWOLZ
1692,8104378,15668459,SSSWOLZ
1693,8104378,15668468,SSSWOLZ
1694,8104378,15668460,SSSWOLZ
1695,8105118,7735707,SWHCZNL
1696,8105118,15670260,SWHCZNL
1697,8105118,15669778,SWHCZNL
1698,8105118,15669775,SWHCZNL
1699,8105118,15669860,SWHCZNL
1700,8105205,15669870,SWRNHCS
1701,8105205,15669814,SWRNHCS
1702,8105205,15669760,SWRNHCS
1703,8105205,15669767,SWRNHCS
1704,8105205,15669863,SWRNHCS
1705,8106023,7587667,SSLOEEO
1706,8106023,7587687,SSLOEEO
1707,8106023,7587688,SSLOEEO
1708,8106023,7587691,SSLOEEO
1709,8106023,7587668,SSLOEEO
1710,8106238,15668685,SSWOOZW
1711,8106238,15668460,SSWOOZW
1712,8106238,15669776,SSWOOZW
1713,8106238,21408913,SSWOOZW
1714,8106238,34990774,SSWOOZW
1715,8106290,15668460,SWLCEZW
1716,8106290,7569801,SWLCEZW
1717,8106290,15669866,SWLCEZW
1718,8106290,15669772,SWLCEZW
1719,8106290,15669869,SWLCEZW
1720,8106451,15668416,SSCSENO
1721,8106451,15669961,SSCSENO
1722,8106451,15668460,SSCSENO
1723,8106451,15668463,SSCSENO
1724,8106451,15668687,SSCSENO
1725,8106715,93141023,SSNOSCZ
1726,8106715,93141092,SSNOSCZ
1727,8106715,15670007,SSNOSCZ
1728,8106715,15669961,SSNOSCZ
1729,8106715,15669957,SSNOSCZ
1730,8106887,15669956,SSSOOZC
1731,8106887,15668381,SSSOOZC
1732,8106887,15668460,SSSOOZC
1733,8106887,15668462,SSSOOZC
1734,8106887,15669961,SSSOOZC
1735,8107580,7689353,SSZNNNN
1736,8107580,15669824,SSZNNNN
1737,8107580,15669776,SSZNNNN
1738,8107580,15669880,SSZNNNN
1739,8107580,15669870,SSZNNNN
1740,8108141,93141092,SSRCEWZ
1741,8108141,93141022,SSRCEWZ
1742,8108141,93176430,SSRCEWZ
1743,8108141,34987629,SSRCEWZ
1744,8108141,92388181,SSRCEWZ
1745,8108248,15670260,SSSELZZ
1746,8108248,7587675,SSSELZZ
1747,8108248,7587648,SSSELZZ
1748,8108248,7587677,SSSELZZ
1749,8108248,7587673,SSSELZZ
1750,8108636,15668381,SWHZZEO
1751,8108636,15668478,SWHZZEO
1752,8108636,15668378,SWHZZEO
1753,8108636,15668451,SWHZZEO
1754,8108636,15668462,SWHZZEO
1755,8108886,15669832,SWLHONH
1756,8108886,15669880,SWLHONH
1757,8108886,15669857,SWLHONH
1758,8108886,15669772,SWLHONH
1759,8108886,15669860,SWLHONH
1760,8109052,15669799,SWCLWHL
1761,8109052,15669869,SWCLWHL
1762,8109052,15669870,SWCLWHL
1763,8109052,15669821,SWCLWHL
1764,8109052,15669776,SWCLWHL
1765,8109601,15669823,SSEWSWC
1766,8109601,15669776,SSEWSWC
1767,8109601,15669761,SSEWSWC
1768,8109601,15669857,SSEWSWC
1769,8109601,34986129,SSEWSWC
1770,8109885,15669870,SWCHLSS
1771,8109885,15669821,SWCHLSS
1772,8109885,15669760,SWCHLSS
1773,8109885,15669863,SWCHLSS
1774,8109885,15669776,SWCHLSS
1775,8110925,15669875,SSSREHN
1776,8110925,7585571,SSSREHN
1777,8110925,15669814,SSSREHN
1778,8110925,15669775,SSSREHN
1779,8110925,15668381,SSSREHN
1780,8112695,15670260,SWLNCNW
1781,8112695,15668465,SWLNCNW
1782,8112695,7587670,SWLNCNW
1783,8112695,7587691,SWLNCNW
1784,8112695,7587648,SWLNCNW
1785,8112726,15669869,SWREHOR
1786,8112726,15669777,SWREHOR
1787,8112726,15669870,SWREHOR
1788,8112726,15669781,SWREHOR
1789,8112726,15669857,SWREHOR
1790,8113176,93141023,SSWSCEN
1791,8113176,15668688,SSWSCEN
1792,8113176,34987615,SSWSCEN
1793,8113176,34987629,SSWSCEN
1794,8113176,15668468,SSWSCEN
1795,8114312,15668460,SSOHCZO
1796,8114312,15668688,SSOHCZO
1797,8114312,15668378,SSOHCZO
1798,8114312,15668381,SSOHCZO
1799,8114312,15668465,SSOHCZO
1800,8114869,15668684,SSRZESC
1801,8114869,7572254,SSRZESC
1802,8114869,15668381,SSRZESC
1803,8114869,15668455,SSRZESC
1804,8114869,15668688,SSRZESC
1805,8115812,15668688,SSCZOHR
1806,8115812,15668381,SSCZOHR
1807,8115812,7585573,SSCZOHR
1808,8115812,15668466,SSCZOHR
1809,8115812,15668377,SSCZOHR
1810,8116158,7580802,SSCSLSN
1811,8116158,15669818,SSCSLSN
1812,8116158,15669821,SSCSLSN
1813,8116158,15669776,SSCSLSN
1814,8116158,15669870,SSCSLSN
1815,8118745,15669863,SSZLLON
1816,8118745,15669769,SSZLLON
1817,8118745,15668460,SSZLLON
1818,8118745,15669866,SSZLLON
1819,8118745,15669763,SSZLLON
1820,8119388,15669878,SWLSCLN
1821,8119388,15669880,SWLSCLN
1822,8119388,15669870,SWLSCLN
1823,8119388,15669760,SWLSCLN
1824,8119388,15669781,SWLSCLN
1825,8119882,15668379,SSSORWE
1826,8119882,15668688,SSSORWE
1827,8119882,15669857,SSSORWE
1828,8119882,15668381,SSSORWE
1829,8119882,21408953,SSSORWE
1830,8120159,7569806,SWLZRZH
1831,8120159,7572312,SWLZRZH
1832,8120159,15668469,SWLZRZH
1833,8120159,15668458,SWLZRZH
1834,8120159,15668378,SWLZRZH
1835,8120360,15669760,SSHEECO
1836,8120360,15668467,SSHEECO
1837,8120360,15668451,SSHEECO
1838,8120360,15669776,SSHEECO
1839,8120360,15669863,SSHEECO
1840,8120435,15669774,SWHRZSW
1841,8120435,15669884,SWHRZSW
1842,8120435,15669821,SWHRZSW
1843,8120435,15669870,SWHRZSW
1844,8120435,15669863,SWHRZSW
1845,8120485,15669864,SWHSWOW
1846,8120485,15669859,SWHSWOW
1847,8120485,15669780,SWHSWOW
1848,8120485,15668465,SWHSWOW
1849,8120485,15669772,SWHSWOW
1850,8120702,15669781,SSZNWLH
1851,8120702,15669869,SSZNWLH
1852,8120702,15669870,SSZNWLH
1853,8120702,15669814,SSZNWLH
1854,8120702,15669880,SSZNWLH
1855,8120853,93176430,SSLSNCH
1856,8120853,7587674,SSLSNCH
1857,8120853,7586504,SSLSNCH
1858,8120853,15670158,SSLSNCH
1859,8120853,7587658,SSLSNCH
1860,8122275,15669873,SSSCOCW
1861,8122275,15669761,SSSCOCW
1862,8122275,34986128,SSSCOCW
1863,8122275,15669857,SSSCOCW
1864,8122275,15669777,SSSCOCW
1865,8122344,15668465,SSLWHRH
1866,8122344,7585571,SSLWHRH
1867,8122344,15669870,SSLWHRH
1868,8122344,15669781,SSLWHRH
1869,8122344,34987566,SSLWHRH
1870,8122589,7574242,SWOOLZW
1871,8122589,15669761,SWOOLZW
1872,8122589,15669870,SWOOLZW
1873,8122589,15669776,SWOOLZW
1874,8122589,15669884,SWOOLZW
1875,8123487,15668381,SSLSLHL
1876,8123487,15668460,SSLSLHL
1877,8123487,15669774,SSLSLHL
1878,8123487,15669883,SSLSLHL
1879,8123487,7625556,SSLSLHL
1880,8123840,15668688,SSSZWOR
1881,8123840,15668460,SSSZWOR
1882,8123840,7569799,SSSZWOR
1883,8123840,7586509,SSSZWOR
1884,8123840,7572302,SSSZWOR
1885,8124069,15668454,SSONROH
1886,8124069,7578337,SSONROH
1887,8124069,15668468,SSONROH
1888,8124069,7578229,SSONROH
1889,8124069,15668519,SSONROH
1890,8124751,15668478,SSNLSZE
1891,8124751,15668494,SSNLSZE
1892,8124751,15668495,SSNLSZE
1893,8124751,15668460,SSNLSZE
1894,8124751,15668381,SSNLSZE
1895,8125808,15669857,SWRHZOO
1896,8125808,15669781,SWRHZOO
1897,8125808,15669880,SWRHZOO
1898,8125808,15669776,SWRHZOO
1899,8125808,15669872,SWRHZOO
1900,8126177,7572432,SWLZLWS
1901,8126177,15669817,SWLZLWS
1902,8126177,15669857,SWLZLWS
1903,8126177,15669870,SWLZLWS
1904,8126177,15669814,SWLZLWS
1905,8127465,15668469,SSEWSRE
1906,8127465,34986125,SSEWSRE
1907,8127465,15669763,SSEWSRE
1908,8127465,15668377,SSEWSRE
1909,8127465,15668463,SSEWSRE
1910,8127819,15669874,SWECRER
1911,8127819,7624786,SWECRER
1912,8127819,34987566,SWECRER
1913,8127819,15669870,SWECRER
1914,8127819,15669804,SWECRER
1915,8128430,15669780,SWCEHCR
1916,8128430,15668378,SWCEHCR
1917,8128430,15669873,SWCEHCR
1918,8128430,15669814,SWCEHCR
1919,8128430,15669776,SWCEHCR
1920,8129915,15668381,SWEORLR
1921,8129915,15668465,SWEORLR
1922,8129915,15668688,SWEORLR
1923,8129915,15668459,SWEORLR
1924,8129915,15668462,SWEORLR
1925,8130134,15668381,SWONECO
1926,8130134,15668460,SWONECO
1927,8130134,15669870,SWONECO
1928,8130134,15669857,SWONECO
1929,8130134,15669760,SWONECO
1930,8131353,15669790,SWEZZLR
1931,8131353,15670267,SWEZZLR
1932,8131353,15669881,SWEZZLR
1933,8131353,7547271,SWEZZLR
1934,8131353,21408942,SWEZZLR
1935,8131359,15668469,SWHRCEO
1936,8131359,15668381,SWHRCEO
1937,8131359,15668378,SWHRCEO
1938,8131359,15668380,SWHRCEO
1939,8131359,15668467,SWHRCEO
1940,8131723,15668381,SWNRNSO
1941,8131723,15668465,SWNRNSO
1942,8131723,15668459,SWNRNSO
1943,8131723,15668460,SWNRNSO
1944,8131723,15668688,SWNRNSO
1945,8131815,15668460,SSSWORL
1946,8131815,15668455,SSSWORL
1947,8131815,15668378,SSSWORL
1948,8131815,15668379,SSSWORL
1949,8131815,15668478,SSSWORL
1950,8132311,15669860,SSRLWLN
1951,8132311,15669769,SSRLWLN
1952,8132311,15669864,SSRLWLN
1953,8132311,15669763,SSRLWLN
1954,8132311,15669776,SSRLWLN
1955,8133089,15668467,SSECELH
1956,8133089,15668462,SSECELH
1957,8133089,15668455,SSECELH
1958,8133089,15668378,SSECELH
1959,8133089,15668688,SSECELH
1960,8133653,15669773,SSERELN
1961,8133653,15669859,SSERELN
1962,8133653,15669831,SSERELN
1963,8133653,34987224,SSERELN
1964,8133653,7580802,SSERELN
1965,8133840,7580802,SWCZCSZ
1966,8133840,15669767,SWCZCSZ
1967,8133840,15669777,SWCZCSZ
1968,8133840,7634572,SWCZCSZ
1969,8133840,15669860,SWCZCSZ
1970,8133880,15668381,SSLWESO
1971,8133880,15668465,SSLWESO
1972,8133880,7587657,SSLWESO
1973,8133880,7587677,SSLWESO
1974,8133880,7587669,SSLWESO
1975,8134370,15669764,SWOSCLN
1976,8134370,15669818,SWOSCLN
1977,8134370,15669863,SWOSCLN
1978,8134370,7625556,SWOSCLN
1979,8134370,15669821,SWOSCLN
1980,8134798,34986330,SSSHLRH
1981,8134798,15668685,SSSHLRH
1982,8134798,15668469,SSSHLRH
1983,8134798,15668460,SSSHLRH
1984,8134798,15668458,SSSHLRH
1985,8135835,15669776,SSZEWOW
1986,8135835,15669777,SSZEWOW
1987,8135835,15669764,SSZEWOW
1988,8135835,15669863,SSZEWOW
1989,8135835,15669790,SSZEWOW
1990,8136393,15669775,SSWWNCH
1991,8136393,15669777,SSWWNCH
1992,8136393,15669776,SSWWNCH
1993,8136393,15669767,SSWWNCH
1994,8136393,15669863,SSWWNCH
1995,8136539,15668467,SWLLHHC
1996,8136539,15668460,SWLLHHC
1997,8136539,15668379,SWLLHHC
1998,8136539,15668478,SWLLHHC
1999,8136539,15668451,SWLLHHC
2000,8136707,15669880,SWOHNSL
2001,8136707,15670267,SWOHNSL
2002,8136707,15669814,SWOHNSL
2003,8136707,34986113,SWOHNSL
2004,8136707,15669857,SWOHNSL
2005,8137302,15669777,SSRRZSO
2006,8137302,15669880,SSRRZSO
2007,8137302,15669776,SSRRZSO
2008,8137302,15669764,SSRRZSO
2009,8137302,15669870,SSRRZSO
2010,8138170,15668449,SWEWHLO
2011,8138170,15668688,SWEWHLO
2012,8138170,15669863,SWEWHLO
2013,8138170,15669860,SWEWHLO
2014,8138170,15669818,SWEWHLO
2015,8138408,7753742,SWNZHSH
2016,8138408,15669795,SWNZHSH
2017,8138408,15669980,SWNZHSH
2018,8138408,15669965,SWNZHSH
2019,8138408,15669806,SWNZHSH
2020,8138811,15668685,SWELRWN
2021,8138811,15668465,SWELRWN
2022,8138811,15668688,SWELRWN
2023,8138811,15668467,SWELRWN
2024,8138811,15668462,SWELRWN
2025,8139620,7587490,SWCHOEW
2026,8139620,15668458,SWCHOEW
2027,8139620,15668469,SWCHOEW
2028,8139620,15668381,SWCHOEW
2029,8139620,15668466,SWCHOEW
2030,8139913,15669777,SWHOZCE
2031,8139913,15669858,SWHOZCE
2032,8139913,15669776,SWHOZCE
2033,8139913,15669814,SWHOZCE
2034,8139913,15669857,SWHOZCE
2035,8140923,15669878,SWNZHZN
2036,8140923,7624790,SWNZHZN
2037,8140923,15669760,SWNZHZN
2038,8140923,15669818,SWNZHZN
2039,8140923,15669776,SWNZHZN
2040,8141158,15669869,SWOCCOL
2041,8141158,15669878,SWOCCOL
2042,8141158,15669769,SWOCCOL
2043,8141158,7735760,SWOCCOL
2044,8141158,15669778,SWOCCOL
2045,8141498,15669777,SWLRHRL
2046,8141498,15669790,SWLRHRL
2047,8141498,15669781,SWLRHRL
2048,8141498,15669776,SWLRHRL
2049,8141498,15669870,SWLRHRL
2050,8141684,15669821,SSNCONE
2051,8141684,15669869,SSNCONE
2052,8141684,15669776,SSNCONE
2053,8141684,15669799,SSNCONE
2054,8141684,15670269,SSNCONE
2055,8141867,92388173,SSSLOHO
2056,8141867,7586509,SSSLOHO
2057,8141867,7569802,SSSLOHO
2058,8141867,7569799,SSSLOHO
2059,8141867,7569801,SSSLOHO
2060,8142419,7718555,SSNRHCO
2061,8142419,15669814,SSNRHCO
2062,8142419,15669961,SSNRHCO
2063,8142419,15669857,SSNRHCO
2064,8142419,7587661,SSNRHCO
2065,8143429,15669857,SWNRSWS
2066,8143429,15669776,SWNRSWS
2067,8143429,15669832,SWNRSWS
2068,8143429,15669814,SWNRSWS
2069,8143429,15669870,SWNRSWS
2070,8143536,7574242,SSSZEOW
2071,8143536,7580818,SSSZEOW
2072,8143536,15669821,SSSZEOW
2073,8143536,15669776,SSSZEOW
2074,8143536,15669818,SSSZEOW
2075,8144965,15669767,SSCHNCE
2076,8144965,7587667,SSCHNCE
2077,8144965,15669870,SSCHNCE
2078,8144965,15669857,SSCHNCE
2079,8144965,15669823,SSCHNCE
2080,8145266,15669838,SWNRHWZ
2081,8145266,15669861,SWNRHWZ
2082,8145266,15669870,SWNRHWZ
2083,8145266,15669857,SWNRHWZ
2084,8145266,15669760,SWNRHWZ
2085,8145688,15669860,SSSHCLH
2086,8145688,15669769,SSSHCLH
2087,8145688,15669778,SSSHCLH
2088,8145688,7572302,SSSHCLH
2089,8145688,7642814,SSSHCLH
2090,8146703,15669817,SSOHWLN
2091,8146703,15669869,SSOHWLN
2092,8146703,15669870,SSOHWLN
2093,8146703,15669821,SSOHWLN
2094,8146703,15669823,SSOHWLN
2095,8148898,15668378,SWOREWH
2096,8148898,15668458,SWOREWH
2097,8148898,15669866,SWOREWH
2098,8148898,15669762,SWOREWH
2099,8148898,15670269,SWOREWH
2100,8149114,7577678,SSLLREN
2101,8149114,92388173,SSLLREN
2102,8149114,7570758,SSLLREN
2103,8149114,7587661,SSLLREN
2104,8149114,7561510,SSLLREN
2105,8149245,15669783,SSWELWZ
2106,8149245,15669821,SSWELWZ
2107,8149245,15669776,SSWELWZ
2108,8149245,15669760,SSWELWZ
2109,8149245,15669869,SSWELWZ
2110,8150141,15669776,SWHHSNW
2111,8150141,15669870,SWHHSNW
2112,8150141,34986125,SWHHSNW
2113,8150141,15669760,SWHHSNW
2114,8150141,15669767,SWHHSNW
2115,8150875,15669870,SWOSOHE
2116,8150875,7580823,SWOSOHE
2117,8150875,15669776,SWOSOHE
2118,8150875,15669857,SWOSOHE
2119,8150875,15668473,SWOSOHE
2120,8151550,15669834,SWECZOC
2121,8151550,15669775,SWECZOC
2122,8151550,15669803,SWECZOC
2123,8151550,15669795,SWECZOC
2124,8151550,15669794,SWECZOC
2125,8152370,7572251,SSONRWS
2126,8152370,15668468,SSONRWS
2127,8152370,34986125,SSONRWS
2128,8152370,7585037,SSONRWS
2129,8152370,34986112,SSONRWS
2130,8152500,15669872,SSZWRWL
2131,8152500,15669763,SSZWRWL
2132,8152500,7586509,SSZWRWL
2133,8152500,7736902,SSZWRWL
2134,8152500,15669818,SSZWRWL
2135,8152823,15669767,SWEONLR
2136,8152823,15669870,SWEONLR
2137,8152823,15669776,SWEONLR
2138,8152823,15669857,SWEONLR
2139,8152823,15669760,SWEONLR
2140,8153266,21409130,SSZLEOL
2141,8153266,15669763,SSZLEOL
2142,8153266,15669769,SSZLEOL
2143,8153266,15669860,SSZLEOL
2144,8153266,15669762,SSZLEOL
2145,8153361,15670269,SWHEEOS
2146,8153361,15669762,SWHEEOS
2147,8153361,15669772,SWHEEOS
2148,8153361,15668469,SWHEEOS
2149,8153361,15669777,SWHEEOS
2150,8153963,15668381,SWEWCER
2151,8153963,15668467,SWEWCER
2152,8153963,15668465,SWEWCER
2153,8153963,15668451,SWEWCER
2154,8153963,15668460,SWEWCER
2155,8154900,15669772,SSZSWHS
2156,8154900,15669780,SSZSWHS
2157,8154900,15669814,SSZSWHS
2158,8154900,15669870,SSZSWHS
2159,8154900,15669863,SSZSWHS
2160,8156893,15668471,SSZZLOE
2161,8156893,15668462,SSZZLOE
2162,8156893,15668467,SSZZLOE
2163,8156893,15668381,SSZZLOE
2164,8156893,15668379,SSZZLOE
2165,8156983,7572304,SWONCSR
2166,8156983,15668457,SWONCSR
2167,8156983,7587673,SWONCSR
2168,8156983,7587669,SWONCSR
2169,8156983,7587657,SWONCSR
2170,8157592,15669857,SSZRWON
2171,8157592,15669781,SSZRWON
2172,8157592,15669776,SSZRWON
2173,8157592,15669814,SSZRWON
2174,8157592,15669823,SSZRWON
2175,8158290,15669869,SSWNZEC
2176,8158290,15669799,SSWNZEC
2177,8158290,15669776,SSWNZEC
2178,8158290,15669821,SSWNZEC
2179,8158290,15669781,SSWNZEC
2180,8158818,15668449,SWRLSWR
2181,8158818,15668460,SWRLSWR
2182,8158818,15668594,SWRLSWR
2183,8158818,15669821,SWRLSWR
2184,8158818,15668467,SWRLSWR
2185,8159383,93141092,SWHONHO
2186,8159383,7630967,SWHONHO
2187,8159383,34986401,SWHONHO
2188,8159383,7585571,SWHONHO
2189,8159383,34987110,SWHONHO
2190,8159930,15669769,SWLRHOW
2191,8159930,15669778,SWLRHOW
2192,8159930,7569802,SWLRHOW
2193,8159930,7594818,SWLRHOW
2194,8159930,7572300,SWLRHOW
2195,8162986,7572302,SSSWSNS
2196,8162986,15669760,SSSWSNS
2197,8162986,15669814,SSSWSNS
2198,8162986,15669776,SSSWSNS
2199,8162986,15669857,SSSWSNS
2200,8163444,15668460,SSRCHSH
2201,8163444,15669860,SSRCHSH
2202,8163444,15668469,SSRCHSH
2203,8163444,15670269,SSRCHSH
2204,8163444,15668475,SSRCHSH
2205,8165327,15668465,SSCNHZN
2206,8165327,15668379,SSCNHZN
2207,8165327,15668381,SSCNHZN
2208,8165327,15668460,SSCNHZN
2209,8165327,15668467,SSCNHZN
2210,8166326,7572251,SSLRHNL
2211,8166326,15668688,SSLRHNL
2212,8166326,15668379,SSLRHNL
2213,8166326,7572430,SSLRHNL
2214,8166326,15668468,SSLRHNL
2215,8166910,15668416,SSZHCSO
2216,8166910,7623116,SSZHCSO
2217,8166910,15670251,SSZHCSO
2218,8166910,15670250,SSZHCSO
2219,8166910,15670260,SSZHCSO
2220,8169684,15668379,SWLCCWC
2221,8169684,15668465,SWLCCWC
2222,8169684,7572430,SWLCCWC
2223,8169684,15668381,SWLCCWC
2224,8169684,15668458,SWLCCWC
2225,8170027,15668378,SWERWCW
2226,8170027,15668416,SWERWCW
2227,8170027,15668595,SWERWCW
2228,8170027,15668469,SWERWCW
2229,8170027,15668458,SWERWCW
2230,8170383,15669776,SSRRSOZ
2231,8170383,15669818,SSRRSOZ
2232,8170383,15669870,SSRRSOZ
2233,8170383,15669832,SSRRSOZ
2234,8170383,15669777,SSRRSOZ
2235,8172528,15668688,SSZWSNR
2236,8172528,7617882,SSZWSNR
2237,8172528,93141092,SSZWSNR
2238,8172528,15668381,SSZWSNR
2239,8172528,15668379,SSZWSNR
2240,8172842,15669776,SWLERES
2241,8172842,15669857,SWLERES
2242,8172842,15669870,SWLERES
2243,8172842,7587490,SWLERES
2244,8172842,15669872,SWLERES
2245,8173709,21410792,SSCRHLH
2246,8173709,15669776,SSCRHLH
2247,8173709,15669777,SSCRHLH
2248,8173709,15669760,SSCRHLH
2249,8173709,15669767,SSCRHLH
2250,8176127,15668460,SWNLWHR
2251,8176127,15669821,SWNLWHR
2252,8176127,15668458,SWNLWHR
2253,8176127,15668467,SWNLWHR
2254,8176127,15669860,SWNLWHR
2255,8176714,15668465,SSWLSWS
2256,8176714,15669856,SSWLSWS
2257,8176714,15668467,SSWLSWS
2258,8176714,15668460,SSWLSWS
2259,8176714,15668469,SSWLSWS
2260,8176873,7586509,SWHHREO
2261,8176873,7572299,SWHHREO
2262,8176873,7735760,SWHHREO
2263,8176873,7572302,SWHHREO
2264,8176873,34987955,SWHHREO
2265,8177589,15668455,SSOSHZS
2266,8177589,15669872,SSOSHZS
2267,8177589,15669776,SSOSHZS
2268,8177589,15668460,SSOSHZS
2269,8177589,15668378,SSOSHZS
2270,8179077,7621912,SSONEOS
2271,8179077,15668381,SSONEOS
2272,8179077,15669821,SSONEOS
2273,8179077,15669776,SSONEOS
2274,8179077,15669780,SSONEOS
2275,8179797,15668463,SWCECSR
2276,8179797,15668473,SWCECSR
2277,8179797,15668687,SWCECSR
2278,8179797,15668377,SWCECSR
2279,8179797,15668472,SWCECSR
2280,8179947,15668381,SWOCELW
2281,8179947,15668460,SWOCELW
2282,8179947,15668378,SWOCELW
2283,8179947,15668455,SWOCELW
2284,8179947,15668688,SWOCELW
2285,8180759,15670271,SSWWLCZ
2286,8180759,15669767,SSWWLCZ
2287,8180759,15669832,SSWWLCZ
2288,8180759,15669814,SSWWLCZ
2289,8180759,15669778,SSWWLCZ
2290,8181093,15668466,SSRHSRW
2291,8181093,15668494,SSRHSRW
2292,8181093,15668381,SSRHSRW
2293,8181093,15669777,SSRHSRW
2294,8181093,15668463,SSRHSRW
2295,8182610,15669814,SSERNHC
2296,8182610,15669790,SSERNHC
2297,8182610,15669821,SSERNHC
2298,8182610,15669776,SSERNHC
2299,8182610,15669767,SSERNHC
2300,8182845,15670157,SWHOOOO
2301,8182845,15668480,SWHOOOO
2302,8182845,15670251,SWHOOOO
2303,8182845,15668465,SWHOOOO
2304,8182845,15668467,SWHOOOO
2305,8183211,15668458,SSCNLEC
2306,8183211,15668463,SSCNLEC
2307,8183211,15668381,SSCNLEC
2308,8183211,15668467,SSCNLEC
2309,8183211,15668455,SSCNLEC
2310,8188075,15669866,SSLSZNC
2311,8188075,15669772,SSLSZNC
2312,8188075,15669762,SSLSZNC
2313,8188075,15669864,SSLSZNC
2314,8188075,15669832,SSLSZNC
2315,8189678,15668458,SWHRCNL
2316,8189678,15669776,SWHRCNL
2317,8189678,15669873,SWHRCNL
2318,8189678,15669870,SWHRCNL
2319,8189678,15669835,SWHRCNL
2320,8190023,15670251,SSRHCRS
2321,8190023,15670159,SSRHCRS
2322,8190023,15670260,SSRHCRS
2323,8190023,15670158,SSRHCRS
2324,8190023,15670252,SSRHCRS
2325,8191090,15668381,SSWNLNH
2326,8191090,15668459,SSWNLNH
2327,8191090,15668460,SSWNLNH
2328,8191090,15668478,SSWNLNH
2329,8191090,15670251,SSWNLNH
2330,8191841,7573376,SWLWCHH
2331,8191841,7572313,SWLWCHH
2332,8191841,7586509,SWLWCHH
2333,8191841,7736902,SWLWCHH
2334,8191841,15669878,SWLWCHH
2335,8192504,15669767,SWESLWC
2336,8192504,93141092,SWESLWC
2337,8192504,93141023,SWESLWC
2338,8192504,15669878,SWESLWC
2339,8192504,15669859,SWESLWC
2340,8192688,15668455,SSZLWLC
2341,8192688,15668460,SSZLWLC
2342,8192688,15669857,SSZLWLC
2343,8192688,15669776,SSZLWLC
2344,8192688,15669781,SSZLWLC
2345,8192768,34986132,SSNWCSH
2346,8192768,15669817,SSNWCSH
2347,8192768,15668467,SSNWCSH
2348,8192768,34986133,SSNWCSH
2349,8192768,15669777,SSNWCSH
2350,8192783,34986132,SSNZEHL
2351,8192783,15669777,SSNZEHL
2352,8192783,34986125,SSNZEHL
2353,8192783,15669818,SSNZEHL
2354,8192783,15669884,SSNZEHL
2355,8193965,15669880,SWLWNLC
2356,8193965,15669777,SWLWNLC
2357,8193965,15669821,SWLWNLC
2358,8193965,15669776,SWLWNLC
2359,8193965,15669869,SWLWNLC
2360,8194178,15668495,SWOOLLE
2361,8194178,7587669,SWOOLLE
2362,8194178,15669801,SWOOLLE
2363,8194178,7587677,SWOOLLE
2364,8194178,15670251,SWOOLLE
2365,8195870,15668684,SSLLZCO
2366,8195870,15668379,SSLLZCO
2367,8195870,15668381,SSLLZCO
2368,8195870,34990774,SSLLZCO
2369,8195870,15668462,SSLLZCO
2370,8195898,15670246,SSCLLWS
2371,8195898,15670251,SSCLLWS
2372,8195898,15670252,SSCLLWS
2373,8195898,15670250,SSCLLWS
2374,8195898,15670245,SSCLLWS
2375,8195996,15669760,SWCOWRR
2376,8195996,15669870,SWCOWRR
2377,8195996,15669814,SWCOWRR
2378,8195996,15669857,SWCOWRR
2379,8195996,34987566,SWCOWRR
2380,8198030,34986125,SSSCCOE
2381,8198030,34987566,SSSCCOE
2382,8198030,21408953,SSSCCOE
2383,8198030,92978776,SSSCCOE
2384,8198030,7587494,SSSCCOE
2385,8198721,7593949,SWCLHHO
2386,8198721,15668685,SWCLHHO
2387,8198721,15669838,SWCLHHO
2388,8198721,15669821,SWCLHHO
2389,8198721,15669814,SWCLHHO
2390,8199996,15669818,SWRHNSN
2391,8199996,34987566,SWRHNSN
2392,8199996,34986125,SWRHNSN
2393,8199996,34986112,SWRHNSN
2394,8199996,7587688,SWRHNSN
2395,8200309,15669856,SWOORON
2396,8200309,15669864,SWOORON
2397,8200309,15669821,SWOORON
2398,8200309,15669776,SWOORON
2399,8200309,15669870,SWOORON
2400,8201012,15668466,SSLLWWZ
2401,8201012,15668377,SSLLWWZ
2402,8201012,15668463,SSLLWWZ
2403,8201012,15670174,SSLLWWZ
2404,8201012,15668687,SSLLWWZ
2405,8201626,15670196,SSNHNOE
2406,8201626,15668460,SSNHNOE
2407,8201626,15669814,SSNHNOE
2408,8201626,15669832,SSNHNOE
2409,8201626,15669781,SSNHNOE
2410,8202458,15668378,SSRCRSO
2411,8202458,15668469,SSRCRSO
2412,8202458,15668494,SSRCRSO
2413,8202458,34986129,SSRCRSO
2414,8202458,15669823,SSRCRSO
2415,8203156,15669863,SSWNOEH
2416,8203156,15669881,SSWNOEH
2417,8203156,15669870,SSWNOEH
2418,8203156,15669869,SSWNOEH
2419,8203156,15669866,SSWNOEH
2420,8204185,15669760,SSRZHCC
2421,8204185,15669880,SSRZHCC
2422,8204185,15669776,SSRZHCC
2423,8204185,15669777,SSRZHCC
2424,8204185,15669857,SSRZHCC
2425,8204496,7735760,SSZHOEE
2426,8204496,15669804,SSZHOEE
2427,8204496,7675055,SSZHOEE
2428,8204496,15669764,SSZHOEE
2429,8204496,15669760,SSZHOEE
2430,8205042,15668460,SSSNESR
2431,8205042,15668467,SSSNESR
2432,8205042,15669860,SSSNESR
2433,8205042,15669864,SSSNESR
2434,8205042,15668465,SSSNESR
2435,8205178,15669799,SSWEZCZ
2436,8205178,15669856,SSWEZCZ
2437,8205178,34986125,SSWEZCZ
2438,8205178,15669776,SSWEZCZ
2439,8205178,34986129,SSWEZCZ
2440,8206519,15668381,SWORZLW
2441,8206519,92978776,SWORZLW
2442,8206519,15668462,SWORZLW
2443,8206519,15669781,SWORZLW
2444,8206519,15668379,SWORZLW
2445,8209386,15669857,SSCRSZS
2446,8209386,15670267,SSCRSZS
2447,8209386,15669772,SSCRSZS
2448,8209386,21409004,SSCRSZS
2449,8209386,15669887,SSCRSZS
2450,8209695,15669772,SWOESOR
2451,8209695,15669878,SWOESOR
2452,8209695,15669857,SWOESOR
2453,8209695,15669781,SWOESOR
2454,8209695,15669832,SWOESOR
2455,8209866,15669814,SSOELRH
2456,8209866,15669872,SSOELRH
2457,8209866,15669857,SSOELRH
2458,8209866,15669777,SSOELRH
2459,8209866,15669870,SSOELRH
2460,8210933,15669778,SSWCZOC
2461,8210933,15669860,SSWCZOC
2462,8210933,15669769,SSWCZOC
2463,8210933,15669864,SSWCZOC
2464,8210933,15669832,SSWCZOC
2465,8212584,7569802,SWEHLLO
2466,8212584,15669799,SWEHLLO
2467,8212584,15669863,SWEHLLO
2468,8212584,15669771,SWEHLLO
2469,8212584,15669860,SWEHLLO
2470,8213552,7569806,SWRHRHL
2471,8213552,7594523,SWRHRHL
2472,8213552,15669988,SWRHRHL
2473,8213552,15669772,SWRHRHL
2474,8213552,15669869,SWRHRHL
2475,8213861,15669870,SSZCRCO
2476,8213861,7637309,SSZCRCO
2477,8213861,15669776,SSZCRCO
2478,8213861,15669781,SSZCRCO
2479,8213861,34987566,SSZCRCO
2480,8213907,15669776,SSNZRZN
2481,8213907,15669880,SSNZRZN
2482,8213907,15669814,SSNZRZN
2483,8213907,15669870,SSNZRZN
2484,8213907,15669818,SSNZRZN
2485,8214422,15668468,SWHCOOW
2486,8214422,15668688,SWHCOOW
2487,8214422,15668594,SWHCOOW
2488,8214422,15668478,SWHCOOW
2489,8214422,15668476,SWHCOOW
2490,8215172,15669767,SWNLHOO
2491,8215172,15669857,SWNLHOO
2492,8215172,15668460,SWNLHOO
2493,8215172,34987566,SWNLHOO
2494,8215172,15669776,SWNLHOO
2495,8216673,15668684,SSRWWCE
2496,8216673,15669780,SSRWWCE
2497,8216673,15669767,SSRWWCE
2498,8216673,15669777,SSRWWCE
2499,8216673,15669772,SSRWWCE
2500,8218184,15668460,SWHLRZO
2501,8218184,15668378,SWHLRZO
2502,8218184,15669818,SWHLRZO
2503,8218184,15668473,SWHLRZO
2504,8218184,7625761,SWHLRZO
2505,8218426,7569802,SWOOHLC
2506,8218426,7586509,SWOOHLC
2507,8218426,92388173,SWOOHLC
2508,8218426,7572302,SWOOHLC
2509,8218426,7572301,SWOOHLC
2510,8219465,15668467,SSNSCNE
2511,8219465,15668465,SSNSCNE
2512,8219465,15668460,SSNSCNE
2513,8219465,15668379,SSNSCNE
2514,8219465,15668688,SSNSCNE
2515,8220172,7585571,SSLOZSC
2516,8220172,7577678,SSLOZSC
2517,8220172,15668469,SSLOZSC
2518,8220172,7573376,SSLOZSC
2519,8220172,15670269,SSLOZSC
2520,8223433,15668465,SSZNOWR
2521,8223433,15668379,SSZNOWR
2522,8223433,15670251,SSZNOWR
2523,8223433,15670196,SSZNOWR
2524,8223433,15670245,SSZNOWR
2525,8226177,34986112,SWHONHS
2526,8226177,15668460,SWHONHS
2527,8226177,15670269,SWHONHS
2528,8226177,15669769,SWHONHS
2529,8226177,7735760,SWHONHS
2530,8226188,15668469,SWRCEHH
2531,8226188,15669777,SWRCEHH
2532,8226188,15668458,SWRCEHH
2533,8226188,21409004,SWRCEHH
2534,8226188,15668466,SWRCEHH
2535,8226852,15669777,SWRCCCC
2536,8226852,15669776,SWRCCCC
2537,8226852,15669761,SWRCCCC
2538,8226852,15669781,SWRCCCC
2539,8226852,15669780,SWRCCCC
2540,8226887,15668460,SSLZROW
2541,8226887,7572242,SSLZROW
2542,8226887,15668462,SSLZROW
2543,8226887,15668465,SSLZROW
2544,8226887,15668458,SSLZROW
2545,8227029,34986328,SSZNOHH
2546,8227029,15669767,SSZNOHH
2547,8227029,15669814,SSZNOHH
2548,8227029,15669832,SSZNOHH
2549,8227029,15670271,SSZNOHH
2550,8227204,15668468,SWNSEHW
2551,8227204,15669878,SWNSEHW
2552,8227204,93141092,SWNSEHW
2553,8227204,15668688,SWNSEHW
2554,8227204,15668467,SWNSEHW
2555,8228490,15668379,SWOWELS
2556,8228490,15668457,SWOWELS
2557,8228490,15669778,SWOWELS
2558,8228490,15669869,SWOWELS
2559,8228490,15669832,SWOWELS
2560,8228587,15669821,SSNCZRL
2561,8228587,15669861,SSNCZRL
2562,8228587,15668381,SSNCZRL
2563,8228587,15668688,SSNCZRL
2564,8228587,15668465,SSNCZRL
2565,8230221,15668469,SSNLCOZ
2566,8230221,15669861,SSNLCOZ
2567,8230221,15669821,SSNLCOZ
2568,8230221,15669814,SSNLCOZ
2569,8230221,21408953,SSNLCOZ
2570,8230241,15668460,SWCCZRH
2571,8230241,15668467,SWCCZRH
2572,8230241,15668468,SWCCZRH
2573,8230241,15668685,SWCCZRH
2574,8230241,15668378,SWCCZRH
2575,8230690,15669857,SSWREEE
2576,8230690,15669772,SSWREEE
2577,8230690,15669761,SSWREEE
2578,8230690,15669988,SSWREEE
2579,8230690,15670267,SSWREEE
2580,8232216,15669760,SSSLEZO
2581,8232216,15669761,SSSLEZO
2582,8232216,15669870,SSSLEZO
2583,8232216,7753779,SSSLEZO
2584,8232216,15669814,SSSLEZO
2585,8236542,7587658,SSZEWNH
2586,8236542,7587492,SSZEWNH
2587,8236542,34986125,SSZEWNH
2588,8236542,15669873,SSZEWNH
2589,8236542,34986112,SSZEWNH
2590,8236676,15670269,SSSNHRZ
2591,8236676,15669777,SSSNHRZ
2592,8236676,15669762,SSSNHRZ
2593,8236676,15669778,SSSNHRZ
2594,8236676,15669817,SSSNHRZ
2595,8237822,15668463,SSNZCOL
2596,8237822,15668469,SSNZCOL
2597,8237822,21409004,SSNZCOL
2598,8237822,15668377,SSNZCOL
2599,8237822,15668378,SSNZCOL
2600,8241466,7569806,SWCLCLW
2601,8241466,15669764,SWCLCLW
2602,8241466,15668458,SWCLCLW
2603,8241466,15668688,SWCLCLW
2604,8241466,15668468,SWCLCLW
2605,8243363,15669763,SSZLNCH
2606,8243363,15668381,SSZLNCH
2607,8243363,15669863,SSZLNCH
2608,8243363,15669778,SSZLNCH
2609,8243363,15670174,SSZLNCH
2610,8245100,15670260,SSCLWOR
2611,8245100,15670157,SSCLWOR
2612,8245100,15670192,SSCLWOR
2613,8245100,15668473,SSCLWOR
2614,8245100,15670250,SSCLWOR
2615,8245697,15668688,SSWCEEO
2616,8245697,34986112,SSWCEEO
2617,8245697,15668458,SSWCEEO
2618,8245697,15668685,SSWCEEO
2619,8245697,15668468,SSWCEEO
2620,8246331,15669857,SWHLESR
2621,8246331,7580802,SWHLESR
2622,8246331,15668460,SWHLESR
2623,8246331,15668687,SWHLESR
2624,8246331,15668458,SWHLESR
2625,8246335,15669799,SSWOWLE
2626,8246335,15669826,SSWOWLE
2627,8246335,15669821,SSWOWLE
2628,8246335,34986135,SSWOWLE
2629,8246335,15670267,SSWOWLE
2630,8247009,15668463,SWOWWLL
2631,8247009,15668377,SWOWWLL
2632,8247009,15668381,SWOWWLL
2633,8247009,15669866,SWOWWLL
2634,8247009,15669887,SWOWWLL
2635,8247161,7572300,SWONLWN
2636,8247161,15669828,SWONLWN
2637,8247161,15669781,SWONLWN
2638,8247161,15669814,SWONLWN
2639,8247161,15669761,SWONLWN
2640,8247472,15668460,SSRRCCE
2641,8247472,15668467,SSRRCCE
2642,8247472,92387970,SSRRCCE
2643,8247472,7569801,SSRRCCE
2644,8247472,7569806,SSRRCCE
2645,8249884,7580823,SWLOHSW
2646,8249884,15669778,SWLOHSW
2647,8249884,15669860,SWLOHSW
2648,8249884,15669776,SWLOHSW
2649,8249884,15669821,SWLOHSW
2650,8250106,7569802,SSWHRZZ
2651,8250106,7593949,SSWHRZZ
2652,8250106,7572251,SSWHRZZ
2653,8250106,15669814,SSWHRZZ
2654,8250106,15669832,SSWHRZZ
2655,8250969,7587694,SWRHWEH
2656,8250969,7587677,SWRHWEH
2657,8250969,7587664,SWRHWEH
2658,8250969,7572304,SWRHWEH
2659,8250969,7587673,SWRHWEH
2660,8253846,15669860,SWECOEO
2661,8253846,7572251,SWECOEO
2662,8253846,15670269,SWECOEO
2663,8253846,15669769,SWECOEO
2664,8253846,15669778,SWECOEO
2665,8254821,15669777,SWNHEEW
2666,8254821,15668687,SWNHEEW
2667,8254821,15668459,SWNHEEW
2668,8254821,15670267,SWNHEEW
2669,8254821,15668377,SWNHEEW
2670,8255466,15668495,SSWWZNR
2671,8255466,15668595,SSWWZNR
2672,8255466,15668469,SSWWZNR
2673,8255466,15668377,SSWWZNR
2674,8255466,15668460,SSWWZNR
2675,8256932,15669873,SWORCOW
2676,8256932,15669790,SWORCOW
2677,8256932,15669776,SWORCOW
2678,8256932,15669781,SWORCOW
2679,8256932,15669870,SWORCOW
2680,8256944,15669775,SSSZCHS
2681,8256944,15669790,SSSZCHS
2682,8256944,15669781,SSSZCHS
2683,8256944,15669870,SSSZCHS
2684,8256944,15669832,SSSZCHS
2685,8256966,15669777,SSNNSRR
2686,8256966,7757971,SSNNSRR
2687,8256966,15669857,SSNNSRR
2688,8256966,15669781,SSNNSRR
2689,8256966,15669834,SSNNSRR
2690,8258691,15669860,SSZNWWS
2691,8258691,15669778,SSZNWWS
2692,8258691,15669777,SSZNWWS
2693,8258691,15669769,SSZNWWS
2694,8258691,7587699,SSZNWWS
2695,8261883,15669857,SWENCOC
2696,8261883,15669777,SWENCOC
2697,8261883,15669781,SWENCOC
2698,8261883,15669767,SWENCOC
2699,8261883,15669814,SWENCOC
2700,8262498,15669777,SWRHZSH
2701,8262498,15669776,SWRHZSH
2702,8262498,15670271,SWRHZSH
2703,8262498,7572312,SWRHZSH
2704,8262498,92388173,SWRHZSH
2705,8263472,15668460,SSLSWRE
2706,8263472,15668469,SSLSWRE
2707,8263472,15669761,SSLSWRE
2708,8263472,21409004,SSLSWRE
2709,8263472,34987566,SSLSWRE
2710,8265380,15669824,SSRWONW
2711,8265380,7625556,SSRWONW
2712,8265380,15669996,SSRWONW
2713,8265380,15669882,SSRWONW
2714,8265380,15670267,SSRWONW
2715,8265392,21410793,SWCCSEN
2716,8265392,15668381,SWCCSEN
2717,8265392,15668468,SWCCSEN
2718,8265392,15668467,SWCCSEN
2719,8265392,15668455,SWCCSEN
2720,8265546,7586509,SWNCLZZ
2721,8265546,7572299,SWNCLZZ
2722,8265546,7736902,SWNCLZZ
2723,8265546,15669764,SWNCLZZ
2724,8265546,7617882,SWNCLZZ
2725,8268096,15669806,SWCWNCO
2726,8268096,7613346,SWCWNCO
2727,8268096,15669803,SWCWNCO
2728,8268096,15669976,SWCWNCO
2729,8268096,15669767,SWCWNCO
2730,8268678,7625556,SSWNEHR
2731,8268678,15669860,SSWNEHR
2732,8268678,15669856,SSWNEHR
2733,8268678,34986125,SSWNEHR
2734,8268678,7580802,SSWNEHR
2735,8269031,15670260,SWRLHOS
2736,8269031,15668594,SWRLHOS
2737,8269031,15670157,SWRLHOS
2738,8269031,15670250,SWRLHOS
2739,8269031,15670192,SWRLHOS
2740,8269205,7578341,SSNOOZL
2741,8269205,15668521,SSNOOZL
2742,8269205,15669821,SSNOOZL
2743,8269205,34987566,SSNOOZL
2744,8269205,15669823,SSNOOZL
2745,8269393,15669760,SSSCNRE
2746,8269393,15669870,SSSCNRE
2747,8269393,15669814,SSSCNRE
2748,8269393,15669776,SSSCNRE
2749,8269393,15669857,SSSCNRE
2750,8269483,15669769,SSNERHE
2751,8269483,15670269,SSNERHE
2752,8269483,15669778,SSNERHE
2753,8269483,15669857,SSNERHE
2754,8269483,15669860,SSNERHE
2755,8269882,15668473,SWNHZNW
2756,8269882,15668470,SWNHZNW
2757,8269882,15668463,SWNHZNW
2758,8269882,15668381,SWNHZNW
2759,8269882,15668456,SWNHZNW
2760,8270508,15669869,SWOCEOZ
2761,8270508,7580823,SWOCEOZ
2762,8270508,7594817,SWOCEOZ
2763,8270508,21410750,SWOCEOZ
2764,8270508,15669767,SWOCEOZ
2765,8271902,15668460,SWRCNLO
2766,8271902,15668469,SWRCNLO
2767,8271902,15668458,SWRCNLO
2768,8271902,15669760,SWRCNLO
2769,8271902,7625761,SWRCNLO
2770,8273082,7587660,SSLOLSS
2771,8273082,15668460,SSLOLSS
2772,8273082,15670260,SSLOLSS
2773,8273082,15670157,SSLOLSS
2774,8273082,15670250,SSLOLSS
2775,8273464,15669835,SWECCLC
2776,8273464,15669878,SWECCLC
2777,8273464,15669776,SWECCLC
2778,8273464,15669857,SWECCLC
2779,8273464,15669880,SWECCLC
2780,8273657,7580802,SWNRZEW
2781,8273657,15669789,SWNRZEW
2782,8273657,15669821,SWNRZEW
2783,8273657,15669870,SWNRZEW
2784,8273657,15669776,SWNRZEW
2785,8273931,15668688,SSZSRHO
2786,8273931,15669977,SSZSRHO
2787,8273931,15669870,SSZSRHO
2788,8273931,15669818,SSZSRHO
2789,8273931,15669781,SSZSRHO
2790,8274447,15668460,SWNNSSH
2791,8274447,15668378,SWNNSSH
2792,8274447,34986112,SWNNSSH
2793,8274447,15669818,SWNNSSH
2794,8274447,15669777,SWNNSSH
2795,8275185,7587651,SWCWSRR
2796,8275185,15669872,SWCWSRR
2797,8275185,7587702,SWCWSRR
2798,8275185,93141092,SWCWSRR
2799,8275185,93141023,SWCWSRR
2800,8275225,15669770,SWHECOO
2801,8275225,15669832,SWHECOO
2802,8275225,15669781,SWHECOO
2803,8275225,15669814,SWHECOO
2804,8275225,15669872,SWHECOO
2805,8276422,7652969,SWEZEOZ
2806,8276422,15668594,SWEZEOZ
2807,8276422,7587688,SWEZEOZ
2808,8276422,7587677,SWEZEOZ
2809,8276422,7678784,SWEZEOZ
2810,8276533,15669870,SWHELSW
2811,8276533,34986113,SWHELSW
2812,8276533,7587694,SWHELSW
2813,8276533,7587494,SWHELSW
2814,8276533,15669873,SWHELSW
2815,8277630,15668467,SWNHZNC
2816,8277630,15668459,SWNHZNC
2817,8277630,15668460,SWNHZNC
2818,8277630,15668378,SWNHZNC
2819,8277630,15668688,SWNHZNC
2820,8279511,15669873,SWNHHRL
2821,8279511,15669869,SWNHHRL
2822,8279511,15669761,SWNHHRL
2823,8279511,15669777,SWNHHRL
2824,8279511,34986128,SWNHHRL
2825,8279743,7572312,SWCCLHS
2826,8279743,7572307,SWCCLHS
2827,8279743,15669863,SWCCLHS
2828,8279743,15669996,SWCCLHS
2829,8279743,21408953,SWCCLHS
2830,8279863,15670269,SWNRHOZ
2831,8279863,15669777,SWNRHOZ
2832,8279863,15669832,SWNRHOZ
2833,8279863,15669778,SWNRHOZ
2834,8279863,15669817,SWNRHOZ
2835,8280275,15669814,SSNOEEZ
2836,8280275,15669880,SSNOEEZ
2837,8280275,15669776,SSNOEEZ
2838,8280275,15669781,SSNOEEZ
2839,8280275,15669857,SSNOEEZ
2840,8282341,15668381,SSRORNN
2841,8282341,21409124,SSRORNN
2842,8282341,15668468,SSRORNN
2843,8282341,15668688,SSRORNN
2844,8282341,15668458,SSRORNN
2845,8282484,7625556,SSSCNCC
2846,8282484,15669790,SSSCNCC
2847,8282484,15669776,SSSCNCC
2848,8282484,15669870,SSSCNCC
2849,8282484,34987566,SSSCNCC
2850,8283042,15669859,SWRHLLZ
2851,8283042,15669860,SWRHLLZ
2852,8283042,15669778,SWRHLLZ
2853,8283042,15669866,SWRHLLZ
2854,8283042,15669832,SWRHLLZ
2855,8283998,15669821,SSLRELN
2856,8283998,15669776,SSLRELN
2857,8283998,15669814,SSLRELN
2858,8283998,15669790,SSLRELN
2859,8283998,15669863,SSLRELN
2860,8284234,7587694,SWEOOOO
2861,8284234,7587669,SWEOOOO
2862,8284234,7587658,SWEOOOO
2863,8284234,7587494,SWEOOOO
2864,8284234,7587673,SWEOOOO
2865,8284427,15669857,SSZLWOS
2866,8284427,15669781,SSZLWOS
2867,8284427,15669887,SSZLWOS
2868,8284427,21409004,SSZLWOS
2869,8284427,15669804,SSZLWOS
2870,8285181,15668460,SSLWWWH
2871,8285181,15669869,SSLWWWH
2872,8285181,15669769,SSLWWWH
2873,8285181,15669762,SSLWWWH
2874,8285181,15669772,SSLWWWH
2875,8285456,7573376,SWLOLLS
2876,8285456,7569802,SWLOLLS
2877,8285456,34986112,SWLOLLS
2878,8285456,21408952,SWLOLLS
2879,8285456,34986132,SWLOLLS
2880,8286457,7753732,SSSNLOO
2881,8286457,7571454,SSSNLOO
2882,8286457,15669860,SSSNLOO
2883,8286457,15669778,SSSNLOO
2884,8286457,7586556,SSSNLOO
2885,8287030,7572300,SWOHOZL
2886,8287030,7569801,SWOHOZL
2887,8287030,15669776,SWOHOZL
2888,8287030,15669821,SWOHOZL
2889,8287030,15669814,SWOHOZL
2890,8287522,15670251,SSWZSSN
2891,8287522,7625759,SSWZSSN
2892,8287522,15670260,SSWZSSN
2893,8287522,15669778,SSWZSSN
2894,8287522,15670245,SSWZSSN
2895,8288803,15668460,SSOEHNL
2896,8288803,15668381,SSOEHNL
2897,8288803,15668467,SSOEHNL
2898,8288803,15668462,SSOEHNL
2899,8288803,15668378,SSOEHNL
2900,8288927,15668494,SSWHOZZ
2901,8288927,15668455,SSWHOZZ
2902,8288927,15668381,SSWHOZZ
2903,8288927,15668465,SSWHOZZ
2904,8288927,15668467,SSWHOZZ
2905,8288966,15668688,SSSRWWN
2906,8288966,15668462,SSSRWWN
2907,8288966,15668455,SSSRWWN
2908,8288966,15668381,SSSRWWN
2909,8288966,15668383,SSSRWWN
2910,8289377,15668379,SSRHCOW
2911,8289377,15668474,SSRHCOW
2912,8289377,15670157,SSRHCOW
2913,8289377,15668462,SSRHCOW
2914,8289377,15668459,SSRHCOW
2915,8289409,15668416,SSZLLCR
2916,8289409,15668379,SSZLLCR
2917,8289409,15669781,SSZLLCR
2918,8289409,15669814,SSZLLCR
2919,8289409,15670271,SSZLLCR
2920,8289460,15669814,SSWHNCO
2921,8289460,15669870,SSWHNCO
2922,8289460,15669776,SSWHNCO
2923,8289460,15669832,SSWHNCO
2924,8289460,7624792,SSWHNCO
2925,8289766,15670269,SSLZROS
2926,8289766,15669869,SSLZROS
2927,8289766,92887544,SSLZROS
2928,8289766,15669763,SSLZROS
2929,8289766,15669832,SSLZROS
2930,8296564,15669772,SWNRCHO
2931,8296564,7718555,SWNRCHO
2932,8296564,15669880,SWNRCHO
2933,8296564,15669857,SWNRCHO
2934,8296564,15669776,SWNRCHO
2935,8304435,15668460,SWOZELS
2936,8304435,7735760,SWOZELS
2937,8304435,15669777,SWOZELS
2938,8304435,15668467,SWOZELS
2939,8304435,15670267,SWOZELS
2940,8308098,15668381,SWCECRN
2941,8308098,15668451,SWCECRN
2942,8308098,15668462,SWCECRN
2943,8308098,15668468,SWCECRN
2944,8308098,15668378,SWCECRN
2945,8309697,15668451,SSWLNWS
2946,8309697,15668381,SSWLNWS
2947,8309697,15668467,SSWLNWS
2948,8309697,15668473,SSWLNWS
2949,8309697,15668465,SSWLNWS
2950,8314193,15669821,SSWECLS
2951,8314193,15669857,SSWECLS
2952,8314193,15669776,SSWECLS
2953,8314193,15669870,SSWECLS
2954,8314193,34986113,SSWECLS
2955,8315583,34987566,SSZRRWR
2956,8315583,15669818,SSZRRWR
2957,8315583,15669760,SSZRRWR
2958,8315583,15669870,SSZRRWR
2959,8315583,15669767,SSZRRWR
2960,8316970,15668458,SWENWSO
2961,8316970,15668688,SWENWSO
2962,8316970,15668462,SWENWSO
2963,8316970,15668378,SWENWSO
2964,8316970,15668473,SWENWSO
2965,8317527,7569801,SSOCCSO
2966,8317527,7586509,SSOCCSO
2967,8317527,7569806,SSOCCSO
2968,8317527,7736902,SSOCCSO
2969,8317527,92388173,SSOCCSO
2970,8320908,15668688,SWHRZHH
2971,8320908,34988230,SWHRZHH
2972,8320908,15668375,SWHRZHH
2973,8320908,34990774,SWHRZHH
2974,8320908,34986134,SWHRZHH
2975,8321717,15669778,SWLOREE
2976,8321717,15669795,SWLOREE
2977,8321717,15669764,SWLOREE
2978,8321717,15670269,SWLOREE
2979,8321717,15669864,SWLOREE
2980,8322799,7629390,SWOCNCN
2981,8322799,7580823,SWOCNCN
2982,8322799,7572300,SWOCNCN
2983,8322799,7569799,SWOCNCN
2984,8322799,93073679,SWOCNCN
2985,8328427,7590867,SWLWNSW
2986,8328427,7634445,SWLWNSW
2987,8328427,15669760,SWLWNSW
2988,8328427,15669823,SWLWNSW
2989,8328427,15669776,SWLWNSW
2990,8330753,7587691,SWLLWOS
2991,8330753,7587493,SWLLWOS
2992,8330753,15670269,SWLLWOS
2993,8330753,15669769,SWLLWOS
2994,8330753,15669765,SWLLWOS
2995,8331278,15668416,SWCEZWH
2996,8331278,15668460,SWCEZWH
2997,8331278,15669859,SWCEZWH
2998,8331278,15669763,SWCEZWH
2999,8331278,15669860,SWCEZWH
3000,8331712,15669760,SSZWOEE
3001,8331712,15668381,SSZWOEE
3002,8331712,15669863,SSZWOEE
3003,8331712,15669823,SSZWOEE
3004,8331712,15668688,SSZWOEE
3005,8333457,15668381,SSZRSZL
3006,8333457,15669763,SSZRSZL
3007,8333457,15668463,SSZRSZL
3008,8333457,15668467,SSZRSZL
3009,8333457,15668466,SSZRSZL
3010,8335367,15668460,SSNNWWW
3011,8335367,15668478,SSNNWWW
3012,8335367,93141023,SSNNWWW
3013,8335367,93141022,SSNNWWW
3014,8335367,34987629,SSNNWWW
3015,8336250,15669814,SSOCCZS
3016,8336250,15669781,SSOCCZS
3017,8336250,15669776,SSOCCZS
3018,8336250,15670267,SSOCCZS
3019,8336250,15669832,SSOCCZS
3020,8336683,15668478,SWNCNOL
3021,8336683,15668594,SWNCNOL
3022,8336683,7572251,SWNCNOL
3023,8336683,15668688,SWNCNOL
3024,8336683,7587657,SWNCNOL
3025,8337624,15668473,SWREHHO
3026,8337624,15668460,SWREHHO
3027,8337624,15668465,SWREHHO
3028,8337624,15668378,SWREHHO
3029,8337624,15668451,SWREHHO
3030,8338252,7582057,SSZSNZN
3031,8338252,15669776,SSZSNZN
3032,8338252,7587657,SSZSNZN
3033,8338252,15669777,SSZSNZN
3034,8338252,34987566,SSZSNZN
3035,8339302,15668467,SSZCOCE
3036,8339302,15668460,SSZCOCE
3037,8339302,15668381,SSZCOCE
3038,8339302,15668379,SSZCOCE
3039,8339302,15668462,SSZCOCE
3040,8339940,15669830,SWLONSR
3041,8339940,15669775,SWLONSR
3042,8339940,15669869,SWLONSR
3043,8339940,15669832,SWLONSR
3044,8339940,34987566,SWLONSR
3045,8341901,7586073,SSRENRS
3046,8341901,15669769,SSRENRS
3047,8341901,15669863,SSRENRS
3048,8341901,15669778,SSRENRS
3049,8341901,7586315,SSRENRS
3050,8342609,15668478,SWLCOHC
3051,8342609,15668688,SWLCOHC
3052,8342609,15669781,SWLCOHC
3053,8342609,15669777,SWLCOHC
3054,8342609,15669832,SWLCOHC
3055,8342762,15668467,SSWZRHL
3056,8342762,15669772,SSWZRHL
3057,8342762,15668465,SSWZRHL
3058,8342762,15669960,SSWZRHL
3059,8342762,15668460,SSWZRHL
3060,8343369,15669821,SSZLHHE
3061,8343369,15669823,SSZLHHE
3062,8343369,15669767,SSZLHHE
3063,8343369,21408952,SSZLHHE
3064,8343369,15669776,SSZLHHE
3065,8344473,92388173,SWHCCEO
3066,8344473,7736902,SWHCCEO
3067,8344473,7569801,SWHCCEO
3068,8344473,7586312,SWHCCEO
3069,8344473,7569806,SWHCCEO
3070,8344961,15669776,SSRZOES
3071,8344961,15669760,SSRZOES
3072,8344961,15669781,SSRZOES
3073,8344961,15669814,SSRZOES
3074,8344961,15669869,SSRZOES
3075,8345860,15670269,SSLLRLL
3076,8345860,15669769,SSLLRLL
3077,8345860,21409004,SSLLRLL
3078,8345860,15669762,SSLLRLL
3079,8345860,29247044,SSLLRLL
3080,8346285,15669857,SWHENWW
3081,8346285,15669870,SWHENWW
3082,8346285,15669777,SWHENWW
3083,8346285,15669818,SWHENWW
3084,8346285,34987566,SWHENWW
3085,8348887,7572433,SWNLNRZ
3086,8348887,7642495,SWNLNRZ
3087,8348887,7572303,SWNLNRZ
3088,8348887,7569802,SWNLNRZ
3089,8348887,7572430,SWNLNRZ
3090,8348918,15670157,SSSSONE
3091,8348918,15669960,SSSSONE
3092,8348918,15669863,SSSSONE
3093,8348918,15669957,SSSSONE
3094,8348918,34987955,SSSSONE
3095,8352430,93141092,SWCEWOZ
3096,8352430,34987629,SWCEWOZ
3097,8352430,15668688,SWCEWOZ
3098,8352430,15668465,SWCEWOZ
3099,8352430,15668455,SWCEWOZ
3100,8352895,15669776,SSRSRSO
3101,8352895,15669778,SSRSRSO
3102,8352895,15669817,SSRSRSO
3103,8352895,15669769,SSRSRSO
3104,8352895,15670267,SSRSRSO
3105,8353022,15668379,SSZWROC
3106,8353022,15668468,SSZWROC
3107,8353022,93141023,SSZWROC
3108,8353022,34987615,SSZWROC
3109,8353022,34987629,SSZWROC
3110,8353451,15668460,SSNOWZE
3111,8353451,15668467,SSNOWZE
3112,8353451,15669769,SSNOWZE
3113,8353451,15668458,SSNOWZE
3114,8353451,15668469,SSNOWZE
3115,8353591,15669857,SSSNZHO
3116,8353591,15669761,SSSNZHO
3117,8353591,15669776,SSSNZHO
3118,8353591,15669781,SSSNZHO
3119,8353591,15669832,SSSNZHO
3120,8353991,15668378,SSNCRLW
3121,8353991,15668377,SSNCRLW
3122,8353991,34986112,SSNCRLW
3123,8353991,15669760,SSNCRLW
3124,8353991,34986125,SSNCRLW
3125,8354716,15668471,SWEEZHL
3126,8354716,7569801,SWEEZHL
3127,8354716,15670260,SWEEZHL
3128,8354716,15670241,SWEEZHL
3129,8354716,15670252,SWEEZHL
3130,8355025,15669767,SWOCHZL
3131,8355025,15669777,SWOCHZL
3132,8355025,15669857,SWOCHZL
3133,8355025,15669781,SWOCHZL
3134,8355025,15669776,SWOCHZL
3135,8355249,15669821,SSNENRR
3136,8355249,15669780,SSNENRR
3137,8355249,15669860,SSNENRR
3138,8355249,15669804,SSNENRR
3139,8355249,15669823,SSNENRR
3140,8355842,15669778,SWOEOCZ
3141,8355842,15669780,SWOEOCZ
3142,8355842,15669776,SWOEOCZ
3143,8355842,15669761,SWOEOCZ
3144,8355842,15669832,SWOEOCZ
3145,8356240,15668467,SWHNLCN
3146,8356240,15668460,SWHNLCN
3147,8356240,15668466,SWHNLCN
3148,8356240,15668469,SWHNLCN
3149,8356240,15668458,SWHNLCN
3150,8356860,15669856,SWOSECL
3151,8356860,15669861,SWOSECL
3152,8356860,15669781,SWOSECL
3153,8356860,15669814,SWOSECL
3154,8356860,15669870,SWOSECL
3155,8362837,7580823,SWLSCOZ
3156,8362837,15669781,SWLSCOZ
3157,8362837,15669818,SWLSCOZ
3158,8362837,15669776,SWLSCOZ
3159,8362837,15669857,SWLSCOZ
3160,8374672,15669863,SWNZWNZ
3161,8374672,15669763,SWNZWNZ
3162,8374672,15669764,SWNZWNZ
3163,8374672,15669818,SWNZWNZ
3164,8374672,15670169,SWNZWNZ
3165,8378408,15668381,SSWLNRZ
3166,8378408,15668451,SSWLNRZ
3167,8378408,15668688,SSWLNRZ
3168,8378408,15668462,SSWLNRZ
3169,8378408,15668378,SSWLNRZ
3170,8380659,15669857,SWENOEW
3171,8380659,15669870,SWENOEW
3172,8380659,15669776,SWENOEW
3173,8380659,15669872,SWENOEW
3174,8380659,15669832,SWENOEW
3175,8383377,15669856,SWNZWRC
3176,8383377,15669878,SWNZWRC
3177,8383377,15669821,SWNZWRC
3178,8383377,15669776,SWNZWRC
3179,8383377,15669823,SWNZWRC
3180,8384422,15669885,SSWNRHC
3181,8384422,15669866,SSWNRHC
3182,8384422,15669762,SSWNRHC
3183,8384422,15669769,SSWNRHC
3184,8384422,15669772,SSWNRHC
3185,8385399,93141023,SSZHOER
3186,8385399,7572430,SSZHOER
3187,8385399,34986125,SSZHOER
3188,8385399,7675055,SSZHOER
3189,8385399,93141022,SSZHOER
